0,12/31/1986,12/31/1987,12/31/1988,12/31/1989,12/31/1990,12/31/1991,12/31/1992,12/31/1993,12/31/1994,12/31/1995,12/31/1996,12/31/1997,12/31/1998,12/31/1999,12/31/2000,12/31/2001,12/31/2002,12/31/2003,12/31/2004,12/31/2005,12/31/2006,12/31/2007,12/31/2008,12/31/2009,12/31/2010,12/31/2011,12/31/2012,12/31/2013,12/31/2014,12/31/2015,12/31/2016,12/31/2017,12/31/2018,12/31/2019,12/31/2020,12/31/2021,12/31/2022,12/31/2023
Algeria,#N/A Invalid Security,#N/A Invalid Security,#N/A Invalid Security,#N/A Invalid Security,#N/A Invalid Security,#N/A Invalid Security,#N/A Invalid Security,#N/A Invalid Security,#N/A Invalid Security,#N/A Invalid Security,#N/A Invalid Security,#N/A Invalid Security,#N/A Invalid Security,#N/A Invalid Security,#N/A Invalid Security,#N/A Invalid Security,#N/A Invalid Security,#N/A Invalid Security,#N/A Invalid Security,#N/A Invalid Security,#N/A Invalid Security,#N/A Invalid Security,#N/A Invalid Security,#N/A Invalid Security,#N/A Invalid Security,#N/A Invalid Security,#N/A Invalid Security,#N/A Invalid Security,#N/A Invalid Security,#N/A Invalid Security,#N/A Invalid Security,#N/A Invalid Security,#N/A Invalid Security,#N/A Invalid Security,#N/A Invalid Security,#N/A Invalid Security,#N/A Invalid Security,#N/A Invalid Security
Angola,#N/A Invalid Security,#N/A Invalid Security,#N/A Invalid Security,#N/A Invalid Security,#N/A Invalid Security,#N/A Invalid Security,#N/A Invalid Security,#N/A Invalid Security,#N/A Invalid Security,#N/A Invalid Security,#N/A Invalid Security,#N/A Invalid Security,#N/A Invalid Security,#N/A Invalid Security,#N/A Invalid Security,#N/A Invalid Security,#N/A Invalid Security,#N/A Invalid Security,#N/A Invalid Security,#N/A Invalid Security,#N/A Invalid Security,#N/A Invalid Security,#N/A Invalid Security,#N/A Invalid Security,#N/A Invalid Security,#N/A Invalid Security,#N/A Invalid Security,#N/A Invalid Security,#N/A Invalid Security,#N/A Invalid Security,#N/A Invalid Security,#N/A Invalid Security,#N/A Invalid Security,#N/A Invalid Security,#N/A Invalid Security,#N/A Invalid Security,#N/A Invalid Security,#N/A Invalid Security
Argentina,#N/A N/A,#N/A N/A,#N/A N/A,#N/A N/A,#N/A N/A,#N/A N/A,#N/A N/A,#N/A N/A,#N/A N/A,#N/A N/A,#N/A N/A,Ba3,Ba3 *-,B1,B1,Ca,Ca,B3,B3,B3,B3,B3,WR,WR,WR,WR,WR,WR,WR,WR,WR,WR,WR,WR,WR,WR,WR,WR
Armenia,#N/A Invalid Security,#N/A Invalid Security,#N/A Invalid Security,#N/A Invalid Security,#N/A Invalid Security,#N/A Invalid Security,#N/A Invalid Security,#N/A Invalid Security,#N/A Invalid Security,#N/A Invalid Security,#N/A Invalid Security,#N/A Invalid Security,#N/A Invalid Security,#N/A Invalid Security,#N/A Invalid Security,#N/A Invalid Security,#N/A Invalid Security,#N/A Invalid Security,#N/A Invalid Security,#N/A Invalid Security,#N/A Invalid Security,#N/A Invalid Security,#N/A Invalid Security,#N/A Invalid Security,#N/A Invalid Security,#N/A Invalid Security,#N/A Invalid Security,#N/A Invalid Security,#N/A Invalid Security,#N/A Invalid Security,#N/A Invalid Security,#N/A Invalid Security,#N/A Invalid Security,#N/A Invalid Security,#N/A Invalid Security,#N/A Invalid Security,#N/A Invalid Security,#N/A Invalid Security
Australia,#N/A N/A,#N/A N/A,#N/A N/A,#N/A N/A,#N/A N/A,#N/A N/A,#N/A N/A,#N/A N/A,#N/A N/A,#N/A N/A,#N/A N/A,#N/A N/A,#N/A N/A,Aaa,Aaa,Aaa,Aaa,Aaa,Aaa,Aaa,Aaa,Aaa,Aaa,Aaa,Aaa,Aaa,Aaa,Aaa,Aaa,Aaa,Aaa,Aaa,Aaa,Aaa,Aaa,Aaa,Aaa,Aaa
Austria,Aaa,Aaa,Aaa,Aaa,Aaa,Aaa,Aaa,Aaa,Aaa,Aaa,Aaa,Aaa,Aaa,Aaa,Aaa,Aaa,Aaa,Aaa,Aaa,Aaa,Aaa,Aaa,Aaa,Aaa,Aaa,Aaa,Aaa,Aaa,Aaa,Aaa,Aa1,Aa1,Aa1,Aa1,Aa1,Aa1,Aa1,Aa1
Azerbaijan,#N/A Invalid Security,#N/A Invalid Security,#N/A Invalid Security,#N/A Invalid Security,#N/A Invalid Security,#N/A Invalid Security,#N/A Invalid Security,#N/A Invalid Security,#N/A Invalid Security,#N/A Invalid Security,#N/A Invalid Security,#N/A Invalid Security,#N/A Invalid Security,#N/A Invalid Security,#N/A Invalid Security,#N/A Invalid Security,#N/A Invalid Security,#N/A Invalid Security,#N/A Invalid Security,#N/A Invalid Security,#N/A Invalid Security,#N/A Invalid Security,#N/A Invalid Security,#N/A Invalid Security,#N/A Invalid Security,#N/A Invalid Security,#N/A Invalid Security,#N/A Invalid Security,#N/A Invalid Security,#N/A Invalid Security,#N/A Invalid Security,#N/A Invalid Security,#N/A Invalid Security,#N/A Invalid Security,#N/A Invalid Security,#N/A Invalid Security,#N/A Invalid Security,#N/A Invalid Security
Bahamas,#N/A Invalid Security,#N/A Invalid Security,#N/A Invalid Security,#N/A Invalid Security,#N/A Invalid Security,#N/A Invalid Security,#N/A Invalid Security,#N/A Invalid Security,#N/A Invalid Security,#N/A Invalid Security,#N/A Invalid Security,#N/A Invalid Security,#N/A Invalid Security,#N/A Invalid Security,#N/A Invalid Security,#N/A Invalid Security,#N/A Invalid Security,#N/A Invalid Security,#N/A Invalid Security,#N/A Invalid Security,#N/A Invalid Security,#N/A Invalid Security,#N/A Invalid Security,#N/A Invalid Security,#N/A Invalid Security,#N/A Invalid Security,#N/A Invalid Security,#N/A Invalid Security,#N/A Invalid Security,#N/A Invalid Security,#N/A Invalid Security,#N/A Invalid Security,#N/A Invalid Security,#N/A Invalid Security,#N/A Invalid Security,#N/A Invalid Security,#N/A Invalid Security,#N/A Invalid Security
Bahrain,#N/A N/A,#N/A N/A,#N/A N/A,#N/A N/A,#N/A N/A,#N/A N/A,#N/A N/A,#N/A N/A,#N/A N/A,#N/A N/A,#N/A N/A,#N/A N/A,#N/A N/A,#N/A N/A,#N/A N/A,#N/A N/A,#N/A N/A,#N/A N/A,#N/A N/A,#N/A N/A,#N/A N/A,#N/A N/A,#N/A N/A,#N/A N/A,#N/A N/A,#N/A N/A,#N/A N/A,#N/A N/A,#N/A N/A,#N/A N/A,#N/A N/A,#N/A N/A,#N/A N/A,#N/A N/A,#N/A N/A,#N/A N/A,#N/A N/A,#N/A N/A
Bangladesh,#N/A Invalid Security,#N/A Invalid Security,#N/A Invalid Security,#N/A Invalid Security,#N/A Invalid Security,#N/A Invalid Security,#N/A Invalid Security,#N/A Invalid Security,#N/A Invalid Security,#N/A Invalid Security,#N/A Invalid Security,#N/A Invalid Security,#N/A Invalid Security,#N/A Invalid Security,#N/A Invalid Security,#N/A Invalid Security,#N/A Invalid Security,#N/A Invalid Security,#N/A Invalid Security,#N/A Invalid Security,#N/A Invalid Security,#N/A Invalid Security,#N/A Invalid Security,#N/A Invalid Security,#N/A Invalid Security,#N/A Invalid Security,#N/A Invalid Security,#N/A Invalid Security,#N/A Invalid Security,#N/A Invalid Security,#N/A Invalid Security,#N/A Invalid Security,#N/A Invalid Security,#N/A Invalid Security,#N/A Invalid Security,#N/A Invalid Security,#N/A Invalid Security,#N/A Invalid Security
Barbados,#N/A Invalid Security,#N/A Invalid Security,#N/A Invalid Security,#N/A Invalid Security,#N/A Invalid Security,#N/A Invalid Security,#N/A Invalid Security,#N/A Invalid Security,#N/A Invalid Security,#N/A Invalid Security,#N/A Invalid Security,#N/A Invalid Security,#N/A Invalid Security,#N/A Invalid Security,#N/A Invalid Security,#N/A Invalid Security,#N/A Invalid Security,#N/A Invalid Security,#N/A Invalid Security,#N/A Invalid Security,#N/A Invalid Security,#N/A Invalid Security,#N/A Invalid Security,#N/A Invalid Security,#N/A Invalid Security,#N/A Invalid Security,#N/A Invalid Security,#N/A Invalid Security,#N/A Invalid Security,#N/A Invalid Security,#N/A Invalid Security,#N/A Invalid Security,#N/A Invalid Security,#N/A Invalid Security,#N/A Invalid Security,#N/A Invalid Security,#N/A Invalid Security,#N/A Invalid Security
Belarus,#N/A Invalid Security,#N/A Invalid Security,#N/A Invalid Security,#N/A Invalid Security,#N/A Invalid Security,#N/A Invalid Security,#N/A Invalid Security,#N/A Invalid Security,#N/A Invalid Security,#N/A Invalid Security,#N/A Invalid Security,#N/A Invalid Security,#N/A Invalid Security,#N/A Invalid Security,#N/A Invalid Security,#N/A Invalid Security,#N/A Invalid Security,#N/A Invalid Security,#N/A Invalid Security,#N/A Invalid Security,#N/A Invalid Security,#N/A Invalid Security,#N/A Invalid Security,#N/A Invalid Security,#N/A Invalid Security,#N/A Invalid Security,#N/A Invalid Security,#N/A Invalid Security,#N/A Invalid Security,#N/A Invalid Security,#N/A Invalid Security,#N/A Invalid Security,#N/A Invalid Security,#N/A Invalid Security,#N/A Invalid Security,#N/A Invalid Security,#N/A Invalid Security,#N/A Invalid Security
Belgium,#N/A N/A,#N/A N/A,#N/A N/A,#N/A N/A,#N/A N/A,#N/A N/A,#N/A N/A,#N/A N/A,#N/A N/A,#N/A N/A,#N/A N/A,Aa1,Aa1,Aa1,Aa1,Aa1,Aa1,Aa1,Aa1,Aa1,Aa1,Aa1,Aa1,Aa1,Aa1,Aa3,Aa3,Aa3,Aa3,Aa3,Aa3,Aa3,Aa3,Aa3,Aa3,Aa3,Aa3,Aa3
Belize,#N/A Invalid Security,#N/A Invalid Security,#N/A Invalid Security,#N/A Invalid Security,#N/A Invalid Security,#N/A Invalid Security,#N/A Invalid Security,#N/A Invalid Security,#N/A Invalid Security,#N/A Invalid Security,#N/A Invalid Security,#N/A Invalid Security,#N/A Invalid Security,#N/A Invalid Security,#N/A Invalid Security,#N/A Invalid Security,#N/A Invalid Security,#N/A Invalid Security,#N/A Invalid Security,#N/A Invalid Security,#N/A Invalid Security,#N/A Invalid Security,#N/A Invalid Security,#N/A Invalid Security,#N/A Invalid Security,#N/A Invalid Security,#N/A Invalid Security,#N/A Invalid Security,#N/A Invalid Security,#N/A Invalid Security,#N/A Invalid Security,#N/A Invalid Security,#N/A Invalid Security,#N/A Invalid Security,#N/A Invalid Security,#N/A Invalid Security,#N/A Invalid Security,#N/A Invalid Security
Bolivia,#N/A N/A,#N/A N/A,#N/A N/A,#N/A N/A,#N/A N/A,#N/A N/A,#N/A N/A,#N/A N/A,#N/A N/A,#N/A N/A,#N/A N/A,#N/A N/A,#N/A N/A,#N/A N/A,#N/A N/A,#N/A N/A,#N/A N/A,#N/A N/A,#N/A N/A,#N/A N/A,#N/A N/A,#N/A N/A,#N/A N/A,#N/A N/A,#N/A N/A,#N/A N/A,#N/A N/A,#N/A N/A,#N/A N/A,Ba3,Ba3,Ba3,Ba3,Ba3 *-,B2,B2,B2,B2
Bosnia & Herzegovina,#N/A Invalid Security,#N/A Invalid Security,#N/A Invalid Security,#N/A Invalid Security,#N/A Invalid Security,#N/A Invalid Security,#N/A Invalid Security,#N/A Invalid Security,#N/A Invalid Security,#N/A Invalid Security,#N/A Invalid Security,#N/A Invalid Security,#N/A Invalid Security,#N/A Invalid Security,#N/A Invalid Security,#N/A Invalid Security,#N/A Invalid Security,#N/A Invalid Security,#N/A Invalid Security,#N/A Invalid Security,#N/A Invalid Security,#N/A Invalid Security,#N/A Invalid Security,#N/A Invalid Security,#N/A Invalid Security,#N/A Invalid Security,#N/A Invalid Security,#N/A Invalid Security,#N/A Invalid Security,#N/A Invalid Security,#N/A Invalid Security,#N/A Invalid Security,#N/A Invalid Security,#N/A Invalid Security,#N/A Invalid Security,#N/A Invalid Security,#N/A Invalid Security,#N/A Invalid Security
Botswana,#N/A Invalid Security,#N/A Invalid Security,#N/A Invalid Security,#N/A Invalid Security,#N/A Invalid Security,#N/A Invalid Security,#N/A Invalid Security,#N/A Invalid Security,#N/A Invalid Security,#N/A Invalid Security,#N/A Invalid Security,#N/A Invalid Security,#N/A Invalid Security,#N/A Invalid Security,#N/A Invalid Security,#N/A Invalid Security,#N/A Invalid Security,#N/A Invalid Security,#N/A Invalid Security,#N/A Invalid Security,#N/A Invalid Security,#N/A Invalid Security,#N/A Invalid Security,#N/A Invalid Security,#N/A Invalid Security,#N/A Invalid Security,#N/A Invalid Security,#N/A Invalid Security,#N/A Invalid Security,#N/A Invalid Security,#N/A Invalid Security,#N/A Invalid Security,#N/A Invalid Security,#N/A Invalid Security,#N/A Invalid Security,#N/A Invalid Security,#N/A Invalid Security,#N/A Invalid Security
Brazil,#N/A N/A,#N/A N/A,#N/A N/A,#N/A N/A,#N/A N/A,#N/A N/A,#N/A N/A,#N/A N/A,#N/A N/A,#N/A N/A,#N/A N/A,#N/A N/A,Caa1,B3,B1,B1,B2,B2,Ba3,Ba3,Ba2,Ba1,Ba1,Baa3,Baa3,Baa2,Baa2,Baa2,Baa2,Baa3 *-,Ba2,Ba2,Ba2,Ba2,Ba2,Ba2,Ba2,Ba2
Bulgaria,#N/A N/A,#N/A N/A,#N/A N/A,#N/A N/A,#N/A N/A,#N/A N/A,#N/A N/A,#N/A N/A,#N/A N/A,#N/A N/A,#N/A N/A,#N/A N/A,#N/A N/A,B1,B1,B1,B1,Ba2,Ba1,Ba1 *+,Baa3,Baa3,Baa3,Baa3,Baa3,Baa2,Baa2,Baa2,Baa2,Baa2,Baa2,Baa2,Baa2,Baa2,Baa1,Baa1,Baa1,Baa1
Cambodia,#N/A Invalid Security,#N/A Invalid Security,#N/A Invalid Security,#N/A Invalid Security,#N/A Invalid Security,#N/A Invalid Security,#N/A Invalid Security,#N/A Invalid Security,#N/A Invalid Security,#N/A Invalid Security,#N/A Invalid Security,#N/A Invalid Security,#N/A Invalid Security,#N/A Invalid Security,#N/A Invalid Security,#N/A Invalid Security,#N/A Invalid Security,#N/A Invalid Security,#N/A Invalid Security,#N/A Invalid Security,#N/A Invalid Security,#N/A Invalid Security,#N/A Invalid Security,#N/A Invalid Security,#N/A Invalid Security,#N/A Invalid Security,#N/A Invalid Security,#N/A Invalid Security,#N/A Invalid Security,#N/A Invalid Security,#N/A Invalid Security,#N/A Invalid Security,#N/A Invalid Security,#N/A Invalid Security,#N/A Invalid Security,#N/A Invalid Security,#N/A Invalid Security,#N/A Invalid Security
Canada,#N/A N/A,#N/A N/A,#N/A N/A,#N/A N/A,#N/A N/A,#N/A N/A,#N/A N/A,#N/A N/A,Aa1,Aa1,Aa1,Aa1,Aa1,Aa1,Aa1,Aa1,Aaa,Aaa,Aaa,Aaa,Aaa,Aaa,Aaa,Aaa,Aaa,Aaa,Aaa,Aaa,Aaa,Aaa,Aaa,Aaa,Aaa,Aaa,Aaa,Aaa,Aaa,Aaa
Cape Verde,#N/A Invalid Security,#N/A Invalid Security,#N/A Invalid Security,#N/A Invalid Security,#N/A Invalid Security,#N/A Invalid Security,#N/A Invalid Security,#N/A Invalid Security,#N/A Invalid Security,#N/A Invalid Security,#N/A Invalid Security,#N/A Invalid Security,#N/A Invalid Security,#N/A Invalid Security,#N/A Invalid Security,#N/A Invalid Security,#N/A Invalid Security,#N/A Invalid Security,#N/A Invalid Security,#N/A Invalid Security,#N/A Invalid Security,#N/A Invalid Security,#N/A Invalid Security,#N/A Invalid Security,#N/A Invalid Security,#N/A Invalid Security,#N/A Invalid Security,#N/A Invalid Security,#N/A Invalid Security,#N/A Invalid Security,#N/A Invalid Security,#N/A Invalid Security,#N/A Invalid Security,#N/A Invalid Security,#N/A Invalid Security,#N/A Invalid Security,#N/A Invalid Security,#N/A Invalid Security
Chile,#N/A N/A,#N/A N/A,#N/A N/A,#N/A N/A,#N/A N/A,#N/A N/A,#N/A N/A,#N/A N/A,#N/A N/A,#N/A N/A,#N/A N/A,#N/A N/A,#N/A N/A,A1,A1,A1,A1,A1,A1,A1,A1,A1,A1,A1,Aa3,Aa3,Aa3,Aa3,Aa3,Aa3,Aa3,Aa3,A1,A1,A1,A1,A1,A1
China,#N/A N/A,#N/A N/A,#N/A N/A,#N/A N/A,#N/A N/A,#N/A N/A,#N/A N/A,#N/A N/A,#N/A N/A,#N/A N/A,#N/A N/A,#N/A N/A,#N/A N/A,#N/A N/A,#N/A N/A,#N/A N/A,#N/A N/A,#N/A N/A,#N/A N/A,#N/A N/A,#N/A N/A,A1,A1,A1,Aa3,Aa3,Aa3,Aa3,Aa3,Aa3,Aa3,A1,A1,A1,A1,A1,A1,A1
Colombia,#N/A N/A,#N/A N/A,#N/A N/A,#N/A N/A,#N/A N/A,#N/A N/A,#N/A N/A,#N/A N/A,#N/A N/A,#N/A N/A,#N/A N/A,#N/A N/A,Baa2,Baa2,Baa2,Baa2,Baa2,Baa2,Baa2,Baa2,Baa3,Baa3,Baa3,Baa3,Baa3,Baa3,Baa3,Baa3,Baa2,Baa2,Baa2,Baa2,Baa2,Baa2,Baa2,Baa2,Baa2,Baa2
Costa Rica,#N/A N/A,#N/A N/A,#N/A N/A,#N/A N/A,#N/A N/A,#N/A N/A,#N/A N/A,#N/A N/A,#N/A N/A,#N/A N/A,#N/A N/A,#N/A N/A,Ba1,Ba1,WR,WR,WR,WR,WR,WR,WR,WR,WR,WR,WR,WR,WR,WR,WR,Ba1,Ba1,Ba2,B1,B1,B2,B2,B2,B2
Croatia,#N/A N/A,#N/A N/A,#N/A N/A,#N/A N/A,#N/A N/A,#N/A N/A,#N/A N/A,#N/A N/A,#N/A N/A,#N/A N/A,#N/A N/A,#N/A N/A,#N/A N/A,Baa1,Baa1,Baa1,Baa1,Baa1,Baa1,Baa1,Baa1,Baa1,Baa2,Baa3,Baa3,Baa3,Baa3,Ba1,Ba1,Ba1,Ba2,Ba2,Ba2,Ba2,WR,WR,WR,WR
Cyprus,#N/A N/A,#N/A N/A,#N/A N/A,#N/A N/A,#N/A N/A,#N/A N/A,#N/A N/A,#N/A N/A,#N/A N/A,#N/A N/A,#N/A N/A,#N/A N/A,#N/A N/A,A2,A2,A2,A2,A2,A2,A2,A2,A1,Aa3,Aa3,Aa3,Baa3 *-,B3 *-,Caa3,B3,B1,B1,Ba3,Ba2,Ba2,Ba2,Ba1,Ba1,Ba1
Czech Republic,#N/A N/A,#N/A N/A,#N/A N/A,#N/A N/A,#N/A N/A,#N/A N/A,#N/A N/A,#N/A N/A,#N/A N/A,#N/A N/A,#N/A N/A,#N/A N/A,A1,A1,A1,A1,A1,A1,A1,A1,A1,A1,A1,A1,A1,A1,A1,A1,A1,A1,A1,A1,A1,Aa3,Aa3,Aa3,Aa3,Aa3
Denmark,Aaa,Aaa,Aaa,Aaa,Aaa,Aaa,WR,WR,WR,Aaau,Aaau,Aaau,Aaau,Aaau,Aaau,Aaau,Aaau,Aaau,Aaau,Aaau,Aaau,Aaau,Aaau,Aaau,Aaau,Aaau,Aaau,Aaau,Aaau,Aaau,Aaau,Aaau,Aaau,Aaau,Aaau,Aaau,Aaau,Aaau
Dominican Republic,#N/A Invalid Security,#N/A Invalid Security,#N/A Invalid Security,#N/A Invalid Security,#N/A Invalid Security,#N/A Invalid Security,#N/A Invalid Security,#N/A Invalid Security,#N/A Invalid Security,#N/A Invalid Security,#N/A Invalid Security,#N/A Invalid Security,#N/A Invalid Security,#N/A Invalid Security,#N/A Invalid Security,#N/A Invalid Security,#N/A Invalid Security,#N/A Invalid Security,#N/A Invalid Security,#N/A Invalid Security,#N/A Invalid Security,#N/A Invalid Security,#N/A Invalid Security,#N/A Invalid Security,#N/A Invalid Security,#N/A Invalid Security,#N/A Invalid Security,#N/A Invalid Security,#N/A Invalid Security,#N/A Invalid Security,#N/A Invalid Security,#N/A Invalid Security,#N/A Invalid Security,#N/A Invalid Security,#N/A Invalid Security,#N/A Invalid Security,#N/A Invalid Security,#N/A Invalid Security
Ecuador,#N/A N/A,#N/A N/A,#N/A N/A,#N/A N/A,#N/A N/A,#N/A N/A,#N/A N/A,#N/A N/A,#N/A N/A,#N/A N/A,#N/A N/A,#N/A N/A,B3,Caa1,Caa1,Caa1,Caa1,Caa1,B3,B3,WR,WR,WR,WR,WR,WR,WR,WR,WR,WR,WR,WR,WR,WR,WR,WR,WR,WR
Egypt,#N/A N/A,#N/A N/A,#N/A N/A,#N/A N/A,#N/A N/A,#N/A N/A,#N/A N/A,#N/A N/A,#N/A N/A,#N/A N/A,#N/A N/A,#N/A N/A,#N/A N/A,Baa1,Baa1,Baa1,Baa1,Baa1,Baa1,Baa3,Baa3,Baa3,Ba1,Ba1,Ba1,B2 *-,B2,Caa1,Caa1,B3,B3,B3,B3,B2,B2,B2,B2,B2
El Salvador,#N/A N/A,#N/A N/A,#N/A N/A,#N/A N/A,#N/A N/A,#N/A N/A,#N/A N/A,#N/A N/A,#N/A N/A,#N/A N/A,#N/A N/A,#N/A N/A,Baa2,Baa2,Baa2,Baa2,Baa2,Baa2,WR,WR,WR,WR,WR,WR,WR,WR,WR,WR,WR,WR,WR,WR,WR,WR,WR,WR,WR,WR
Estonia,#N/A N/A,#N/A N/A,#N/A N/A,#N/A N/A,#N/A N/A,#N/A N/A,#N/A N/A,#N/A N/A,#N/A N/A,#N/A N/A,#N/A N/A,#N/A N/A,#N/A N/A,#N/A N/A,#N/A N/A,#N/A N/A,#N/A N/A,#N/A N/A,#N/A N/A,#N/A N/A,#N/A N/A,#N/A N/A,#N/A N/A,#N/A N/A,#N/A N/A,#N/A N/A,#N/A N/A,#N/A N/A,#N/A N/A,#N/A N/A,#N/A N/A,#N/A N/A,#N/A N/A,#N/A N/A,#N/A N/A,#N/A N/A,#N/A N/A,#N/A N/A
European Union,#N/A Invalid Security,#N/A Invalid Security,#N/A Invalid Security,#N/A Invalid Security,#N/A Invalid Security,#N/A Invalid Security,#N/A Invalid Security,#N/A Invalid Security,#N/A Invalid Security,#N/A Invalid Security,#N/A Invalid Security,#N/A Invalid Security,#N/A Invalid Security,#N/A Invalid Security,#N/A Invalid Security,#N/A Invalid Security,#N/A Invalid Security,#N/A Invalid Security,#N/A Invalid Security,#N/A Invalid Security,#N/A Invalid Security,#N/A Invalid Security,#N/A Invalid Security,#N/A Invalid Security,#N/A Invalid Security,#N/A Invalid Security,#N/A Invalid Security,#N/A Invalid Security,#N/A Invalid Security,#N/A Invalid Security,#N/A Invalid Security,#N/A Invalid Security,#N/A Invalid Security,#N/A Invalid Security,#N/A Invalid Security,#N/A Invalid Security,#N/A Invalid Security,#N/A Invalid Security
Eurozone,#N/A Invalid Security,#N/A Invalid Security,#N/A Invalid Security,#N/A Invalid Security,#N/A Invalid Security,#N/A Invalid Security,#N/A Invalid Security,#N/A Invalid Security,#N/A Invalid Security,#N/A Invalid Security,#N/A Invalid Security,#N/A Invalid Security,#N/A Invalid Security,#N/A Invalid Security,#N/A Invalid Security,#N/A Invalid Security,#N/A Invalid Security,#N/A Invalid Security,#N/A Invalid Security,#N/A Invalid Security,#N/A Invalid Security,#N/A Invalid Security,#N/A Invalid Security,#N/A Invalid Security,#N/A Invalid Security,#N/A Invalid Security,#N/A Invalid Security,#N/A Invalid Security,#N/A Invalid Security,#N/A Invalid Security,#N/A Invalid Security,#N/A Invalid Security,#N/A Invalid Security,#N/A Invalid Security,#N/A Invalid Security,#N/A Invalid Security,#N/A Invalid Security,#N/A Invalid Security
Fiji,#N/A Invalid Security,#N/A Invalid Security,#N/A Invalid Security,#N/A Invalid Security,#N/A Invalid Security,#N/A Invalid Security,#N/A Invalid Security,#N/A Invalid Security,#N/A Invalid Security,#N/A Invalid Security,#N/A Invalid Security,#N/A Invalid Security,#N/A Invalid Security,#N/A Invalid Security,#N/A Invalid Security,#N/A Invalid Security,#N/A Invalid Security,#N/A Invalid Security,#N/A Invalid Security,#N/A Invalid Security,#N/A Invalid Security,#N/A Invalid Security,#N/A Invalid Security,#N/A Invalid Security,#N/A Invalid Security,#N/A Invalid Security,#N/A Invalid Security,#N/A Invalid Security,#N/A Invalid Security,#N/A Invalid Security,#N/A Invalid Security,#N/A Invalid Security,#N/A Invalid Security,#N/A Invalid Security,#N/A Invalid Security,#N/A Invalid Security,#N/A Invalid Security,#N/A Invalid Security
Finland,#N/A N/A,#N/A N/A,#N/A N/A,#N/A N/A,#N/A N/A,#N/A N/A,#N/A N/A,#N/A N/A,#N/A N/A,#N/A N/A,#N/A N/A,Aaa,Aaa,Aaa,Aaa,Aaa,Aaa,Aaa,Aaa,Aaa,Aaa,Aaa,Aaa,Aaa,Aaa,Aaa,Aaa,Aaa,Aaa,Aaa,Aa1,Aa1,Aa1,Aa1,Aa1,Aa1,Aa1,Aa1
France,#N/A N/A,#N/A N/A,Aaa,Aaa,Aaa,Aaa,Aaa,Aaa,Aaa,Aaa,Aaa,Aaa,Aaa,Aaa,Aaa,Aaa,Aaa,Aaa,Aaa,Aaa,Aaa,Aaa,Aaa,Aaa,Aaa,Aaa,Aa1,Aa1,Aa1,Aa2u,Aa2u,Aa2u,Aa2u,Aa2u,Aa2u,Aa2u,Aa2u,Aa2u
Georgia,#N/A N/A,#N/A N/A,#N/A N/A,#N/A N/A,#N/A N/A,#N/A N/A,#N/A N/A,#N/A N/A,#N/A N/A,#N/A N/A,#N/A N/A,#N/A N/A,#N/A N/A,#N/A N/A,#N/A N/A,#N/A N/A,#N/A N/A,#N/A N/A,#N/A N/A,#N/A N/A,#N/A N/A,#N/A N/A,#N/A N/A,#N/A N/A,#N/A N/A,#N/A N/A,#N/A N/A,#N/A N/A,#N/A N/A,#N/A N/A,#N/A N/A,#N/A N/A,#N/A N/A,#N/A N/A,#N/A N/A,#N/A N/A,#N/A N/A,#N/A N/A
Germany,#N/A N/A,#N/A N/A,#N/A N/A,#N/A N/A,#N/A N/A,#N/A N/A,#N/A N/A,Aaau,Aaau,Aaau,Aaau,Aaau,Aaau,Aaau,Aaau,Aaau,Aaau,Aaau,Aaau,Aaau,Aaau,Aaau,Aaau,Aaau,Aaau,Aaau,Aaau,Aaau,Aaau,Aaau,Aaau,Aaau,Aaau,Aaau,Aaau,Aaau,Aaau,Aaau
Ghana,#N/A N/A,#N/A N/A,#N/A N/A,#N/A N/A,#N/A N/A,#N/A N/A,#N/A N/A,#N/A N/A,#N/A N/A,#N/A N/A,#N/A N/A,#N/A N/A,#N/A N/A,#N/A N/A,#N/A N/A,#N/A N/A,#N/A N/A,#N/A N/A,#N/A N/A,#N/A N/A,#N/A N/A,#N/A N/A,#N/A N/A,#N/A N/A,#N/A N/A,#N/A N/A,#N/A N/A,#N/A N/A,#N/A N/A,#N/A N/A,#N/A N/A,#N/A N/A,#N/A N/A,#N/A N/A,#N/A N/A,#N/A N/A,#N/A N/A,#N/A N/A
Greece,#N/A N/A,#N/A N/A,#N/A N/A,#N/A N/A,#N/A N/A,#N/A N/A,#N/A N/A,#N/A N/A,#N/A N/A,#N/A N/A,#N/A N/A,A2,A2,A2,A2,A2,A1,A1,A1,A1,A1,A1,A1,A2,Ba1 *-,Ca,C,Caa3,Caa1,Caa3,Caa3,Caa2,B3,B1,Ba3,Ba3,Ba3,Ba3
Guatemala,#N/A N/A,#N/A N/A,#N/A N/A,#N/A N/A,#N/A N/A,#N/A N/A,#N/A N/A,#N/A N/A,#N/A N/A,#N/A N/A,#N/A N/A,#N/A N/A,Ba1,Ba1,Ba1,WR,WR,WR,WR,WR,WR,WR,WR,WR,WR,WR,WR,WR,WR,WR,WR,WR,WR,WR,WR,WR,WR,WR
Honduras,#N/A N/A,#N/A N/A,#N/A N/A,#N/A N/A,#N/A N/A,#N/A N/A,#N/A N/A,#N/A N/A,#N/A N/A,#N/A N/A,#N/A N/A,#N/A N/A,B2,B2,B2,B2,B2,B2,B2,B2,B2,B2,B2,B2,B2,B2,B2,B2,B3,B3,B2,B1,B1,B1,B1,B1,B1,B1
Hong Kong,#N/A N/A,#N/A N/A,#N/A N/A,#N/A N/A,#N/A N/A,#N/A N/A,#N/A N/A,#N/A N/A,#N/A N/A,#N/A N/A,#N/A N/A,#N/A N/A,#N/A N/A,#N/A N/A,#N/A N/A,#N/A N/A,#N/A N/A,#N/A N/A,Aa3,Aa3,Aa3,Aa2,Aa2,Aa2,Aa1,Aa1,Aa1,Aa1,Aa1,Aa1,Aa1,Aa2,Aa2,Aa2,Aa3,Aa3,Aa3,Aa3
Hungary,#N/A N/A,#N/A N/A,#N/A N/A,#N/A N/A,#N/A N/A,#N/A N/A,#N/A N/A,#N/A N/A,#N/A N/A,#N/A N/A,#N/A N/A,#N/A N/A,A1,A1,A1,A1,A1,A1,A1,A1,A2,A2,A3,Baa1,Baa3,Ba1,Ba1,Ba1,Ba1,Ba1,Baa3,Baa3,Baa3,Baa3,Baa3,Baa2,Baa2,Baa2
Iceland,#N/A Invalid Security,#N/A Invalid Security,#N/A Invalid Security,#N/A Invalid Security,#N/A Invalid Security,#N/A Invalid Security,#N/A Invalid Security,#N/A Invalid Security,#N/A Invalid Security,#N/A Invalid Security,#N/A Invalid Security,#N/A Invalid Security,#N/A Invalid Security,#N/A Invalid Security,#N/A Invalid Security,#N/A Invalid Security,#N/A Invalid Security,#N/A Invalid Security,#N/A Invalid Security,#N/A Invalid Security,#N/A Invalid Security,#N/A Invalid Security,#N/A Invalid Security,#N/A Invalid Security,#N/A Invalid Security,#N/A Invalid Security,#N/A Invalid Security,#N/A Invalid Security,#N/A Invalid Security,#N/A Invalid Security,#N/A Invalid Security,#N/A Invalid Security,#N/A Invalid Security,#N/A Invalid Security,#N/A Invalid Security,#N/A Invalid Security,#N/A Invalid Security,#N/A Invalid Security
India,#N/A N/A,#N/A N/A,#N/A N/A,#N/A N/A,#N/A N/A,#N/A N/A,#N/A N/A,#N/A N/A,#N/A N/A,#N/A N/A,#N/A N/A,#N/A N/A,Ba2,Ba2,Ba2,Ba2,Ba2,Ba2,Ba2,Ba2,Ba2,Ba2,Ba2,Ba2,Ba1,Baa3,Baa3,Baa3,Baa3,Baa3,Baa3,Baa2,Baa2,Baa2,Baa3,Baa3,Baa3,Baa3
Indonesia,#N/A N/A,#N/A N/A,#N/A N/A,#N/A N/A,#N/A N/A,#N/A N/A,#N/A N/A,#N/A N/A,#N/A N/A,#N/A N/A,#N/A N/A,#N/A N/A,#N/A N/A,#N/A N/A,#N/A N/A,#N/A N/A,#N/A N/A,#N/A N/A,B2,B2,B1,Ba3,Ba3,Ba2,Ba2 *+,Ba1,Baa3,Baa3,Baa3,Baa3,Baa3,Baa3,Baa2,Baa2,Baa2,Baa2,Baa2,Baa2
Iran,#N/A Invalid Security,#N/A Invalid Security,#N/A Invalid Security,#N/A Invalid Security,#N/A Invalid Security,#N/A Invalid Security,#N/A Invalid Security,#N/A Invalid Security,#N/A Invalid Security,#N/A Invalid Security,#N/A Invalid Security,#N/A Invalid Security,#N/A Invalid Security,#N/A Invalid Security,#N/A Invalid Security,#N/A Invalid Security,#N/A Invalid Security,#N/A Invalid Security,#N/A Invalid Security,#N/A Invalid Security,#N/A Invalid Security,#N/A Invalid Security,#N/A Invalid Security,#N/A Invalid Security,#N/A Invalid Security,#N/A Invalid Security,#N/A Invalid Security,#N/A Invalid Security,#N/A Invalid Security,#N/A Invalid Security,#N/A Invalid Security,#N/A Invalid Security,#N/A Invalid Security,#N/A Invalid Security,#N/A Invalid Security,#N/A Invalid Security,#N/A Invalid Security,#N/A Invalid Security
Iraq,#N/A Invalid Security,#N/A Invalid Security,#N/A Invalid Security,#N/A Invalid Security,#N/A Invalid Security,#N/A Invalid Security,#N/A Invalid Security,#N/A Invalid Security,#N/A Invalid Security,#N/A Invalid Security,#N/A Invalid Security,#N/A Invalid Security,#N/A Invalid Security,#N/A Invalid Security,#N/A Invalid Security,#N/A Invalid Security,#N/A Invalid Security,#N/A Invalid Security,#N/A Invalid Security,#N/A Invalid Security,#N/A Invalid Security,#N/A Invalid Security,#N/A Invalid Security,#N/A Invalid Security,#N/A Invalid Security,#N/A Invalid Security,#N/A Invalid Security,#N/A Invalid Security,#N/A Invalid Security,#N/A Invalid Security,#N/A Invalid Security,#N/A Invalid Security,#N/A Invalid Security,#N/A Invalid Security,#N/A Invalid Security,#N/A Invalid Security,#N/A Invalid Security,#N/A Invalid Security
Ireland,#N/A N/A,#N/A N/A,#N/A N/A,#N/A N/A,#N/A N/A,#N/A N/A,Aaa,Aaa,Aaa,Aaa,Aaa,Aaa,Aaa,Aaa,Aaa,Aaa,Aaa,Aaa,Aaa,Aaa,Aaa,Aaa,Aaa,Aa1,Baa1,Ba1,Ba1,Ba1,Baa1,Baa1,A3,A2,A2,A2,A2,A2,A1,A1
Israel,#N/A N/A,#N/A N/A,#N/A N/A,#N/A N/A,#N/A N/A,#N/A N/A,#N/A N/A,#N/A N/A,#N/A N/A,#N/A N/A,#N/A N/A,#N/A N/A,A2,A2,A2,A2,A2,A2,A2,A2,A2,A2,A1,A1,A1,A1,A1,A1,A1,A1,A1,A1,A1,A1,A1,A1,A1,A1
Italy,#N/A N/A,#N/A N/A,#N/A N/A,#N/A N/A,#N/A N/A,#N/A N/A,#N/A N/A,A1,A1,A1,Aa3,Aa3,Aa3,Aa3,Aa3,Aa3,Aa2,Aa2,Aa2,Aa2,Aa2,Aa2,Aa2,Aa2,Aa2,A2,Baa2,Baa2,Baa2,Baa2,Baa2,Baa2,Baa3u,Baa3u,Baa3u,Baa3u,Baa3u,Baa3u
Jamaica,#N/A N/A,#N/A N/A,#N/A N/A,#N/A N/A,#N/A N/A,#N/A N/A,#N/A N/A,#N/A N/A,#N/A N/A,#N/A N/A,#N/A N/A,#N/A N/A,Baa3,Baa3,Baa3,Baa3,Baa3,Ba2,Ba2,Ba2,Ba2,Ba2,Ba2 *-,Caa1,B3,B3,B3,Caa3,Caa3,Caa2,B3,B3,B3,B2,B2,B2,B2,B2
Japan,#N/A N/A,#N/A N/A,#N/A N/A,#N/A N/A,#N/A N/A,#N/A N/A,#N/A N/A,Aaa,Aaa,Aaa,Aaa,Aaa,Aa1,Aa1,Aa2,Aa3,A2,A2,A2,A2,A2,A1,Aa3,Aa2,Aa2,Aa3,Aa3,Aa3,A1,A1,A1,A1,A1,A1,A1,A1,A1,A1
Jordan,#N/A N/A,#N/A N/A,#N/A N/A,#N/A N/A,#N/A N/A,#N/A N/A,#N/A N/A,#N/A N/A,#N/A N/A,#N/A N/A,#N/A N/A,#N/A N/A,#N/A N/A,#N/A N/A,#N/A N/A,#N/A N/A,#N/A N/A,#N/A N/A,#N/A N/A,#N/A N/A,#N/A N/A,#N/A N/A,#N/A N/A,#N/A N/A,#N/A N/A,#N/A N/A,#N/A N/A,#N/A N/A,#N/A N/A,#N/A N/A,#N/A N/A,#N/A N/A,#N/A N/A,#N/A N/A,#N/A N/A,#N/A N/A,#N/A N/A,#N/A N/A
Kazakhstan,#N/A N/A,#N/A N/A,#N/A N/A,#N/A N/A,#N/A N/A,#N/A N/A,#N/A N/A,#N/A N/A,#N/A N/A,#N/A N/A,#N/A N/A,#N/A N/A,#N/A N/A,B1,B1,Ba1,Baa1,Baa1,Baa1,Baa1,Baa1,WR,WR,WR,WR,WR,WR,WR,WR,WR,WR,WR,WR,WR,WR,WR,WR,WR
Kenya,#N/A N/A,#N/A N/A,#N/A N/A,#N/A N/A,#N/A N/A,#N/A N/A,#N/A N/A,#N/A N/A,#N/A N/A,#N/A N/A,#N/A N/A,#N/A N/A,#N/A N/A,#N/A N/A,#N/A N/A,#N/A N/A,#N/A N/A,#N/A N/A,#N/A N/A,#N/A N/A,#N/A N/A,#N/A N/A,#N/A N/A,#N/A N/A,#N/A N/A,#N/A N/A,#N/A N/A,#N/A N/A,#N/A N/A,#N/A N/A,#N/A N/A,#N/A N/A,#N/A N/A,#N/A N/A,#N/A N/A,#N/A N/A,#N/A N/A,#N/A N/A
Kuwait,#N/A Invalid Security,#N/A Invalid Security,#N/A Invalid Security,#N/A Invalid Security,#N/A Invalid Security,#N/A Invalid Security,#N/A Invalid Security,#N/A Invalid Security,#N/A Invalid Security,#N/A Invalid Security,#N/A Invalid Security,#N/A Invalid Security,#N/A Invalid Security,#N/A Invalid Security,#N/A Invalid Security,#N/A Invalid Security,#N/A Invalid Security,#N/A Invalid Security,#N/A Invalid Security,#N/A Invalid Security,#N/A Invalid Security,#N/A Invalid Security,#N/A Invalid Security,#N/A Invalid Security,#N/A Invalid Security,#N/A Invalid Security,#N/A Invalid Security,#N/A Invalid Security,#N/A Invalid Security,#N/A Invalid Security,#N/A Invalid Security,#N/A Invalid Security,#N/A Invalid Security,#N/A Invalid Security,#N/A Invalid Security,#N/A Invalid Security,#N/A Invalid Security,#N/A Invalid Security
Kyrgyzstan,#N/A Invalid Security,#N/A Invalid Security,#N/A Invalid Security,#N/A Invalid Security,#N/A Invalid Security,#N/A Invalid Security,#N/A Invalid Security,#N/A Invalid Security,#N/A Invalid Security,#N/A Invalid Security,#N/A Invalid Security,#N/A Invalid Security,#N/A Invalid Security,#N/A Invalid Security,#N/A Invalid Security,#N/A Invalid Security,#N/A Invalid Security,#N/A Invalid Security,#N/A Invalid Security,#N/A Invalid Security,#N/A Invalid Security,#N/A Invalid Security,#N/A Invalid Security,#N/A Invalid Security,#N/A Invalid Security,#N/A Invalid Security,#N/A Invalid Security,#N/A Invalid Security,#N/A Invalid Security,#N/A Invalid Security,#N/A Invalid Security,#N/A Invalid Security,#N/A Invalid Security,#N/A Invalid Security,#N/A Invalid Security,#N/A Invalid Security,#N/A Invalid Security,#N/A Invalid Security
Latvia,#N/A N/A,#N/A N/A,#N/A N/A,#N/A N/A,#N/A N/A,#N/A N/A,#N/A N/A,#N/A N/A,#N/A N/A,#N/A N/A,#N/A N/A,#N/A N/A,#N/A N/A,A2,A2,WR,WR,WR,WR,WR,A2,A2,A3,Baa3,Baa3,Baa3,Baa3,Baa2,Baa1,A3,A3,A3,A3,A3,A3,A3,A3,A3
Lebanon,#N/A Invalid Security,#N/A Invalid Security,#N/A Invalid Security,#N/A Invalid Security,#N/A Invalid Security,#N/A Invalid Security,#N/A Invalid Security,#N/A Invalid Security,#N/A Invalid Security,#N/A Invalid Security,#N/A Invalid Security,#N/A Invalid Security,#N/A Invalid Security,#N/A Invalid Security,#N/A Invalid Security,#N/A Invalid Security,#N/A Invalid Security,#N/A Invalid Security,#N/A Invalid Security,#N/A Invalid Security,#N/A Invalid Security,#N/A Invalid Security,#N/A Invalid Security,#N/A Invalid Security,#N/A Invalid Security,#N/A Invalid Security,#N/A Invalid Security,#N/A Invalid Security,#N/A Invalid Security,#N/A Invalid Security,#N/A Invalid Security,#N/A Invalid Security,#N/A Invalid Security,#N/A Invalid Security,#N/A Invalid Security,#N/A Invalid Security,#N/A Invalid Security,#N/A Invalid Security
Lithuania,#N/A N/A,#N/A N/A,#N/A N/A,#N/A N/A,#N/A N/A,#N/A N/A,#N/A N/A,#N/A N/A,#N/A N/A,#N/A N/A,#N/A N/A,#N/A N/A,#N/A N/A,Baa1,Baa1,Baa1,Baa1,A3,A3,A3,A2,A2,A2,Baa1,Baa1,Baa1,Baa1,Baa1,Baa1,A3,A3,A3,A3,A3,A3,A2,A2,A2
Luxembourg,#N/A N/A,#N/A N/A,#N/A N/A,#N/A N/A,#N/A N/A,#N/A N/A,#N/A N/A,#N/A N/A,#N/A N/A,#N/A N/A,#N/A N/A,#N/A N/A,#N/A N/A,Aaa,Aaa,Aaa,Aaa,Aaa,Aaa,Aaa,Aaa,Aaa,Aaa,Aaa,Aaa,Aaa,Aaa,Aaa,Aaa,Aaa,Aaa,Aaa,Aaa,Aaa,Aaa,Aaa,Aaa,Aaa
Macedonia,#N/A Invalid Security,#N/A Invalid Security,#N/A Invalid Security,#N/A Invalid Security,#N/A Invalid Security,#N/A Invalid Security,#N/A Invalid Security,#N/A Invalid Security,#N/A Invalid Security,#N/A Invalid Security,#N/A Invalid Security,#N/A Invalid Security,#N/A Invalid Security,#N/A Invalid Security,#N/A Invalid Security,#N/A Invalid Security,#N/A Invalid Security,#N/A Invalid Security,#N/A Invalid Security,#N/A Invalid Security,#N/A Invalid Security,#N/A Invalid Security,#N/A Invalid Security,#N/A Invalid Security,#N/A Invalid Security,#N/A Invalid Security,#N/A Invalid Security,#N/A Invalid Security,#N/A Invalid Security,#N/A Invalid Security,#N/A Invalid Security,#N/A Invalid Security,#N/A Invalid Security,#N/A Invalid Security,#N/A Invalid Security,#N/A Invalid Security,#N/A Invalid Security,#N/A Invalid Security
Malaysia,#N/A N/A,#N/A N/A,#N/A N/A,#N/A N/A,#N/A N/A,#N/A N/A,#N/A N/A,#N/A N/A,#N/A N/A,#N/A N/A,#N/A N/A,#N/A N/A,A3,A3,A3,A3,A3,A3,A3,A3,A3,A3,A3,A3,A3,A3,A3,A3,A3,A3,A3,A3,A3,A3,A3,A3,A3,A3
Malta,#N/A Invalid Security,#N/A Invalid Security,#N/A Invalid Security,#N/A Invalid Security,#N/A Invalid Security,#N/A Invalid Security,#N/A Invalid Security,#N/A Invalid Security,#N/A Invalid Security,#N/A Invalid Security,#N/A Invalid Security,#N/A Invalid Security,#N/A Invalid Security,#N/A Invalid Security,#N/A Invalid Security,#N/A Invalid Security,#N/A Invalid Security,#N/A Invalid Security,#N/A Invalid Security,#N/A Invalid Security,#N/A Invalid Security,#N/A Invalid Security,#N/A Invalid Security,#N/A Invalid Security,#N/A Invalid Security,#N/A Invalid Security,#N/A Invalid Security,#N/A Invalid Security,#N/A Invalid Security,#N/A Invalid Security,#N/A Invalid Security,#N/A Invalid Security,#N/A Invalid Security,#N/A Invalid Security,#N/A Invalid Security,#N/A Invalid Security,#N/A Invalid Security,#N/A Invalid Security
Mauritius,#N/A Invalid Security,#N/A Invalid Security,#N/A Invalid Security,#N/A Invalid Security,#N/A Invalid Security,#N/A Invalid Security,#N/A Invalid Security,#N/A Invalid Security,#N/A Invalid Security,#N/A Invalid Security,#N/A Invalid Security,#N/A Invalid Security,#N/A Invalid Security,#N/A Invalid Security,#N/A Invalid Security,#N/A Invalid Security,#N/A Invalid Security,#N/A Invalid Security,#N/A Invalid Security,#N/A Invalid Security,#N/A Invalid Security,#N/A Invalid Security,#N/A Invalid Security,#N/A Invalid Security,#N/A Invalid Security,#N/A Invalid Security,#N/A Invalid Security,#N/A Invalid Security,#N/A Invalid Security,#N/A Invalid Security,#N/A Invalid Security,#N/A Invalid Security,#N/A Invalid Security,#N/A Invalid Security,#N/A Invalid Security,#N/A Invalid Security,#N/A Invalid Security,#N/A Invalid Security
Mexico,#N/A N/A,#N/A N/A,#N/A N/A,#N/A N/A,#N/A N/A,#N/A N/A,#N/A N/A,Baa1,Baa1,Baa3,Baa3,Baa3,Baa3,Baa3,Baa1,Baa1,Baa1,Baa1,Baa1,Baa1,Baa1,Baa1,Baa1,Baa1,Baa1,Baa1,Baa1,Baa1,A3,A3,A3,A3,A3,A3,Baa1,Baa1,Baa2,Baa2
Moldova,#N/A Invalid Security,#N/A Invalid Security,#N/A Invalid Security,#N/A Invalid Security,#N/A Invalid Security,#N/A Invalid Security,#N/A Invalid Security,#N/A Invalid Security,#N/A Invalid Security,#N/A Invalid Security,#N/A Invalid Security,#N/A Invalid Security,#N/A Invalid Security,#N/A Invalid Security,#N/A Invalid Security,#N/A Invalid Security,#N/A Invalid Security,#N/A Invalid Security,#N/A Invalid Security,#N/A Invalid Security,#N/A Invalid Security,#N/A Invalid Security,#N/A Invalid Security,#N/A Invalid Security,#N/A Invalid Security,#N/A Invalid Security,#N/A Invalid Security,#N/A Invalid Security,#N/A Invalid Security,#N/A Invalid Security,#N/A Invalid Security,#N/A Invalid Security,#N/A Invalid Security,#N/A Invalid Security,#N/A Invalid Security,#N/A Invalid Security,#N/A Invalid Security,#N/A Invalid Security
Morocco,#N/A N/A,#N/A N/A,#N/A N/A,#N/A N/A,#N/A N/A,#N/A N/A,#N/A N/A,#N/A N/A,#N/A N/A,#N/A N/A,#N/A N/A,#N/A N/A,#N/A N/A,#N/A N/A,#N/A N/A,Ba1,Ba1,Ba1,Ba1,Ba1,Ba1,Ba1,Ba1,Ba1,Ba1,Ba1,Ba1,Ba1,Ba1,Ba1,Ba1,Ba1,Ba1,Ba1,Ba1,Ba1,Ba1,Ba1
Myanmar,#N/A Invalid Security,#N/A Invalid Security,#N/A Invalid Security,#N/A Invalid Security,#N/A Invalid Security,#N/A Invalid Security,#N/A Invalid Security,#N/A Invalid Security,#N/A Invalid Security,#N/A Invalid Security,#N/A Invalid Security,#N/A Invalid Security,#N/A Invalid Security,#N/A Invalid Security,#N/A Invalid Security,#N/A Invalid Security,#N/A Invalid Security,#N/A Invalid Security,#N/A Invalid Security,#N/A Invalid Security,#N/A Invalid Security,#N/A Invalid Security,#N/A Invalid Security,#N/A Invalid Security,#N/A Invalid Security,#N/A Invalid Security,#N/A Invalid Security,#N/A Invalid Security,#N/A Invalid Security,#N/A Invalid Security,#N/A Invalid Security,#N/A Invalid Security,#N/A Invalid Security,#N/A Invalid Security,#N/A Invalid Security,#N/A Invalid Security,#N/A Invalid Security,#N/A Invalid Security
Namibia,#N/A Invalid Security,#N/A Invalid Security,#N/A Invalid Security,#N/A Invalid Security,#N/A Invalid Security,#N/A Invalid Security,#N/A Invalid Security,#N/A Invalid Security,#N/A Invalid Security,#N/A Invalid Security,#N/A Invalid Security,#N/A Invalid Security,#N/A Invalid Security,#N/A Invalid Security,#N/A Invalid Security,#N/A Invalid Security,#N/A Invalid Security,#N/A Invalid Security,#N/A Invalid Security,#N/A Invalid Security,#N/A Invalid Security,#N/A Invalid Security,#N/A Invalid Security,#N/A Invalid Security,#N/A Invalid Security,#N/A Invalid Security,#N/A Invalid Security,#N/A Invalid Security,#N/A Invalid Security,#N/A Invalid Security,#N/A Invalid Security,#N/A Invalid Security,#N/A Invalid Security,#N/A Invalid Security,#N/A Invalid Security,#N/A Invalid Security,#N/A Invalid Security,#N/A Invalid Security
Nepal,#N/A Invalid Security,#N/A Invalid Security,#N/A Invalid Security,#N/A Invalid Security,#N/A Invalid Security,#N/A Invalid Security,#N/A Invalid Security,#N/A Invalid Security,#N/A Invalid Security,#N/A Invalid Security,#N/A Invalid Security,#N/A Invalid Security,#N/A Invalid Security,#N/A Invalid Security,#N/A Invalid Security,#N/A Invalid Security,#N/A Invalid Security,#N/A Invalid Security,#N/A Invalid Security,#N/A Invalid Security,#N/A Invalid Security,#N/A Invalid Security,#N/A Invalid Security,#N/A Invalid Security,#N/A Invalid Security,#N/A Invalid Security,#N/A Invalid Security,#N/A Invalid Security,#N/A Invalid Security,#N/A Invalid Security,#N/A Invalid Security,#N/A Invalid Security,#N/A Invalid Security,#N/A Invalid Security,#N/A Invalid Security,#N/A Invalid Security,#N/A Invalid Security,#N/A Invalid Security
Netherlands,#N/A N/A,#N/A N/A,#N/A N/A,#N/A N/A,#N/A N/A,#N/A N/A,#N/A N/A,#N/A N/A,#N/A N/A,#N/A N/A,#N/A N/A,#N/A N/A,Aaau,Aaau,Aaau,Aaau,Aaau,Aaau,Aaau,Aaau,Aaau,Aaau,Aaau,Aaau,Aaau,Aaau,Aaau,Aaau,Aaau,Aaau,Aaau,Aaau,Aaau,Aaau,Aaau,Aaau,Aaau,Aaau
New Zealand,#N/A N/A,#N/A N/A,#N/A N/A,#N/A N/A,#N/A N/A,#N/A N/A,#N/A N/A,#N/A N/A,#N/A N/A,Aaa,Aaa,Aaa,Aaa,Aaa,Aaa,Aaa,Aaa,Aaa,Aaa,Aaa,Aaa,Aaa,Aaa,Aaa,Aaa,Aaa,Aaa,Aaa,Aaa,Aaa,Aaa,Aaa,Aaa,Aaa,Aaa,Aaa,Aaa,Aaa
Nicaragua,#N/A Invalid Security,#N/A Invalid Security,#N/A Invalid Security,#N/A Invalid Security,#N/A Invalid Security,#N/A Invalid Security,#N/A Invalid Security,#N/A Invalid Security,#N/A Invalid Security,#N/A Invalid Security,#N/A Invalid Security,#N/A Invalid Security,#N/A Invalid Security,#N/A Invalid Security,#N/A Invalid Security,#N/A Invalid Security,#N/A Invalid Security,#N/A Invalid Security,#N/A Invalid Security,#N/A Invalid Security,#N/A Invalid Security,#N/A Invalid Security,#N/A Invalid Security,#N/A Invalid Security,#N/A Invalid Security,#N/A Invalid Security,#N/A Invalid Security,#N/A Invalid Security,#N/A Invalid Security,#N/A Invalid Security,#N/A Invalid Security,#N/A Invalid Security,#N/A Invalid Security,#N/A Invalid Security,#N/A Invalid Security,#N/A Invalid Security,#N/A Invalid Security,#N/A Invalid Security
Nigeria,#N/A N/A,#N/A N/A,#N/A N/A,#N/A N/A,#N/A N/A,#N/A N/A,#N/A N/A,#N/A N/A,#N/A N/A,#N/A N/A,#N/A N/A,#N/A N/A,#N/A N/A,#N/A N/A,#N/A N/A,#N/A N/A,#N/A N/A,#N/A N/A,#N/A N/A,#N/A N/A,#N/A N/A,#N/A N/A,#N/A N/A,#N/A N/A,#N/A N/A,#N/A N/A,#N/A N/A,#N/A N/A,#N/A N/A,#N/A N/A,#N/A N/A,#N/A N/A,#N/A N/A,#N/A N/A,#N/A N/A,#N/A N/A,#N/A N/A,#N/A N/A
Norway,#N/A N/A,#N/A N/A,#N/A N/A,#N/A N/A,#N/A N/A,#N/A N/A,#N/A N/A,#N/A N/A,#N/A N/A,Aaa,Aaa,Aaa,Aaa,Aaa,Aaa,Aaa,Aaa,Aaa,Aaa,Aaa,Aaa,Aaa,Aaa,Aaa,Aaa,Aaa,Aaa,Aaa,Aaa,Aaa,Aaa,Aaa,Aaa,Aaa,Aaa,Aaa,Aaa,Aaa
Oman,#N/A Invalid Security,#N/A Invalid Security,#N/A Invalid Security,#N/A Invalid Security,#N/A Invalid Security,#N/A Invalid Security,#N/A Invalid Security,#N/A Invalid Security,#N/A Invalid Security,#N/A Invalid Security,#N/A Invalid Security,#N/A Invalid Security,#N/A Invalid Security,#N/A Invalid Security,#N/A Invalid Security,#N/A Invalid Security,#N/A Invalid Security,#N/A Invalid Security,#N/A Invalid Security,#N/A Invalid Security,#N/A Invalid Security,#N/A Invalid Security,#N/A Invalid Security,#N/A Invalid Security,#N/A Invalid Security,#N/A Invalid Security,#N/A Invalid Security,#N/A Invalid Security,#N/A Invalid Security,#N/A Invalid Security,#N/A Invalid Security,#N/A Invalid Security,#N/A Invalid Security,#N/A Invalid Security,#N/A Invalid Security,#N/A Invalid Security,#N/A Invalid Security,#N/A Invalid Security
Pakistan,#N/A N/A,#N/A N/A,#N/A N/A,#N/A N/A,#N/A N/A,#N/A N/A,#N/A N/A,#N/A N/A,#N/A N/A,#N/A N/A,#N/A N/A,#N/A N/A,#N/A N/A,Caa1,Caa1,Caa1,B3,B2,B2,B2,B1,B1,B3,B3,B3,B3,Caa1,Caa1,Caa1,B3,B3,B3,B3,B3,B3,B3,B3,B3
Panama,#N/A N/A,#N/A N/A,#N/A N/A,#N/A N/A,#N/A N/A,#N/A N/A,#N/A N/A,#N/A N/A,#N/A N/A,#N/A N/A,#N/A N/A,#N/A N/A,#N/A N/A,#N/A N/A,#N/A N/A,#N/A N/A,#N/A N/A,#N/A N/A,#N/A N/A,#N/A N/A,#N/A N/A,#N/A N/A,#N/A N/A,#N/A N/A,#N/A N/A,#N/A N/A,#N/A N/A,#N/A N/A,#N/A N/A,#N/A N/A,#N/A N/A,#N/A N/A,#N/A N/A,#N/A N/A,#N/A N/A,#N/A N/A,#N/A N/A,#N/A N/A
Paraguay,#N/A N/A,#N/A N/A,#N/A N/A,#N/A N/A,#N/A N/A,#N/A N/A,#N/A N/A,#N/A N/A,#N/A N/A,#N/A N/A,#N/A N/A,#N/A N/A,WR,WR,WR,WR,WR,WR,WR,WR,WR,WR,WR,WR,WR,WR,WR,WR,WR,WR,WR,WR,WR,WR,WR,WR,WR,WR
Peru,#N/A N/A,#N/A N/A,#N/A N/A,#N/A N/A,#N/A N/A,#N/A N/A,#N/A N/A,#N/A N/A,#N/A N/A,#N/A N/A,#N/A N/A,#N/A N/A,#N/A N/A,#N/A N/A,#N/A N/A,#N/A N/A,#N/A N/A,#N/A N/A,#N/A N/A,#N/A N/A,Baa3,Baa3,Baa3,Baa3,Baa3,Baa3,Baa2,Baa2,A3,A3,A3,A3,A3,A3,A3,Baa1,Baa1,Baa1
Philippines,#N/A N/A,#N/A N/A,#N/A N/A,#N/A N/A,#N/A N/A,#N/A N/A,#N/A N/A,#N/A N/A,#N/A N/A,#N/A N/A,#N/A N/A,#N/A N/A,Baa3,Baa3,Baa3,Baa3,Baa3,Baa3 *-,Ba2 *-,B1,B1,B1,B1,Ba3,Ba3,Ba2,Ba1,Baa3,Baa2,Baa2,Baa2,Baa2,Baa2,Baa2,Baa2,Baa2,Baa2,Baa2
Poland,#N/A N/A,#N/A N/A,#N/A N/A,#N/A N/A,#N/A N/A,#N/A N/A,#N/A N/A,#N/A N/A,#N/A N/A,#N/A N/A,#N/A N/A,#N/A N/A,A2,A2,A2,A2,A2,A2,A2,A2,A2,A2,A2,A2,A2,A2,A2,A2,A2,A2,A2,A2,A2,A2,A2,A2,A2,A2
Portugal,Aa2,Aa2,Aa2,Aa2,Aa2,Aa2,Aa2,Aa2,Aa2,Aa2,Aa2,Aa2,Aa2,Aa2,Aa2,Aa2,Aa2,Aa2,Aa2,Aa2,Aa2,Aa2,Aa2,Aa2,A1 *-,Ba2,Ba3,Ba3,Ba1,Ba1,Ba1,Ba1,Baa3,Baa3,Baa3,Baa2,Baa2,Baa2
Qatar,#N/A N/A,#N/A N/A,#N/A N/A,#N/A N/A,#N/A N/A,#N/A N/A,#N/A N/A,#N/A N/A,#N/A N/A,#N/A N/A,#N/A N/A,#N/A N/A,#N/A N/A,#N/A N/A,#N/A N/A,#N/A N/A,#N/A N/A,#N/A N/A,#N/A N/A,#N/A N/A,#N/A N/A,#N/A N/A,#N/A N/A,#N/A N/A,#N/A N/A,#N/A N/A,#N/A N/A,#N/A N/A,#N/A N/A,#N/A N/A,#N/A N/A,#N/A N/A,#N/A N/A,#N/A N/A,#N/A N/A,#N/A N/A,#N/A N/A,#N/A N/A
Romania,#N/A N/A,#N/A N/A,#N/A N/A,#N/A N/A,#N/A N/A,#N/A N/A,#N/A N/A,#N/A N/A,#N/A N/A,#N/A N/A,#N/A N/A,#N/A N/A,#N/A N/A,#N/A N/A,#N/A N/A,#N/A N/A,#N/A N/A,#N/A N/A,#N/A N/A,#N/A N/A,#N/A N/A,#N/A N/A,#N/A N/A,#N/A N/A,#N/A N/A,#N/A N/A,#N/A N/A,#N/A N/A,#N/A N/A,#N/A N/A,#N/A N/A,#N/A N/A,#N/A N/A,#N/A N/A,#N/A N/A,#N/A N/A,#N/A N/A,#N/A N/A
Russia,#N/A N/A,#N/A N/A,#N/A N/A,#N/A N/A,#N/A N/A,#N/A N/A,#N/A N/A,#N/A N/A,#N/A N/A,#N/A N/A,#N/A N/A,#N/A N/A,Ca,Ca,Caa2,Ba2,Ba2,Baa3,Baa3,Baa2,Baa2,Baa2,Baa1,Baa1,Baa1,Baa1,Baa1,Baa1,Baa2,Ba1,Ba1,Ba1,Ba1,Baa3,Baa3,Baa3,WR,WR
Saudi Arabia,#N/A N/A,#N/A N/A,#N/A N/A,#N/A N/A,#N/A N/A,#N/A N/A,#N/A N/A,#N/A N/A,#N/A N/A,#N/A N/A,#N/A N/A,#N/A N/A,#N/A N/A,Ba1,Ba1,Ba1,Ba1,Baa1,Baa1,A3,A2,A1,WR,WR,WR,WR,WR,WR,WR,WR,WR,WR,WR,WR,WR,WR,WR,WR
Serbia,#N/A Invalid Security,#N/A Invalid Security,#N/A Invalid Security,#N/A Invalid Security,#N/A Invalid Security,#N/A Invalid Security,#N/A Invalid Security,#N/A Invalid Security,#N/A Invalid Security,#N/A Invalid Security,#N/A Invalid Security,#N/A Invalid Security,#N/A Invalid Security,#N/A Invalid Security,#N/A Invalid Security,#N/A Invalid Security,#N/A Invalid Security,#N/A Invalid Security,#N/A Invalid Security,#N/A Invalid Security,#N/A Invalid Security,#N/A Invalid Security,#N/A Invalid Security,#N/A Invalid Security,#N/A Invalid Security,#N/A Invalid Security,#N/A Invalid Security,#N/A Invalid Security,#N/A Invalid Security,#N/A Invalid Security,#N/A Invalid Security,#N/A Invalid Security,#N/A Invalid Security,#N/A Invalid Security,#N/A Invalid Security,#N/A Invalid Security,#N/A Invalid Security,#N/A Invalid Security
Singapore,#N/A N/A,#N/A N/A,#N/A N/A,#N/A N/A,#N/A N/A,#N/A N/A,#N/A N/A,#N/A N/A,#N/A N/A,#N/A N/A,#N/A N/A,#N/A N/A,Aaa,Aaa,Aaa,Aaa,Aaa,Aaa,Aaa,Aaa,Aaa,Aaa,Aaa,Aaa,Aaa,Aaa,Aaa,Aaa,Aaa,Aaa,Aaa,Aaa,Aaa,Aaa,Aaa,Aaa,Aaa,Aaa
Slovakia,#N/A N/A,#N/A N/A,#N/A N/A,#N/A N/A,#N/A N/A,#N/A N/A,#N/A N/A,#N/A N/A,#N/A N/A,#N/A N/A,#N/A N/A,#N/A N/A,Baa2,Baa2,Baa2,A3,A3,A3,A3 *+,A2,A1,A1,A1,A1,A1,A1,A2,A2,A2,A2,A2,A2,A2,A2,A2,A2,A2,A2
Slovenia,#N/A N/A,#N/A N/A,#N/A N/A,#N/A N/A,#N/A N/A,#N/A N/A,#N/A N/A,#N/A N/A,#N/A N/A,#N/A N/A,#N/A N/A,#N/A N/A,#N/A N/A,Aa3,Aa3,Aa3,Aa3,Aa3,Aa3,Aa3,Aa2,Aa2,Aa2,Aa2,Aa2,A1,Baa2,Ba1,Ba1,Baa3,Baa3,Baa1,Baa1,Baa1,A3,A3,A3,A3
South Africa,#N/A N/A,#N/A N/A,#N/A N/A,#N/A N/A,#N/A N/A,#N/A N/A,#N/A N/A,#N/A N/A,#N/A N/A,Baa1,Baa1,Baa1,Baa1,Baa1,Baa1,A2,A2,A2,A2,A2,A2,A2,A2,A3,A3,A3,Baa1,Baa1,Baa2,Baa2,Baa2,Baa3 *-,Baa3,Baa3,Ba2,Ba2,Ba2,Ba2
South Korea,#N/A N/A,#N/A N/A,#N/A N/A,#N/A N/A,#N/A N/A,#N/A N/A,#N/A N/A,#N/A N/A,#N/A N/A,#N/A N/A,#N/A N/A,#N/A N/A,Baa1,Baa1,Baa1,Baa1,A3,A3,A3,A3,A3,A2,A2,A2,A1,A1,Aa3,Aa3,Aa3,Aa2,Aa2,Aa2,Aa2,Aa2,Aa2,Aa2,Aa2,Aa2
Spain,#N/A N/A,#N/A N/A,#N/A N/A,#N/A N/A,#N/A N/A,#N/A N/A,#N/A N/A,#N/A N/A,#N/A N/A,#N/A N/A,#N/A N/A,Aa2,Aa2,Aa2,Aa2,Aaa,Aaa,Aaa,Aaa,Aaa,Aaa,Aaa,Aaa,Aaa,Aa1 *-,A1,Baa3,Baa3,Baa2,Baa2,Baa2,Baa2,Baa1,Baa1,Baa1,Baa1,Baa1,Baa1
Sri Lanka,#N/A N/A,#N/A N/A,#N/A N/A,#N/A N/A,#N/A N/A,#N/A N/A,#N/A N/A,#N/A N/A,#N/A N/A,#N/A N/A,#N/A N/A,#N/A N/A,#N/A N/A,#N/A N/A,#N/A N/A,#N/A N/A,#N/A N/A,#N/A N/A,#N/A N/A,#N/A N/A,#N/A N/A,#N/A N/A,#N/A N/A,#N/A N/A,#N/A N/A,#N/A N/A,#N/A N/A,#N/A N/A,#N/A N/A,#N/A N/A,#N/A N/A,#N/A N/A,#N/A N/A,#N/A N/A,#N/A N/A,#N/A N/A,#N/A N/A,#N/A N/A
Sweden,#N/A N/A,#N/A N/A,#N/A N/A,#N/A N/A,#N/A N/A,#N/A N/A,#N/A N/A,#N/A N/A,#N/A N/A,Aa1,Aa1,Aa1,Aa1,Aaa,Aaa,Aaa,Aaa,Aaa,Aaa,Aaa,Aaa,Aaa,Aaa,Aaa,Aaa,Aaa,Aaa,Aaa,Aaa,Aaa,Aaa,Aaa,Aaa,Aaa,Aaa,Aaa,Aaa,Aaa
Switzerland,#N/A N/A,#N/A N/A,#N/A N/A,#N/A N/A,#N/A N/A,#N/A N/A,#N/A N/A,#N/A N/A,#N/A N/A,#N/A N/A,#N/A N/A,#N/A N/A,Aaau,Aaau,Aaau,Aaau,Aaau,Aaau,Aaau,Aaau,Aaau,Aaau,Aaau,Aaau,Aaau,Aaau,Aaau,Aaau,Aaau,Aaau,Aaau,Aaau,Aaau,Aaau,Aaau,Aaau,Aaau,Aaau
Taiwan,#N/A N/A,#N/A N/A,#N/A N/A,#N/A N/A,#N/A N/A,#N/A N/A,#N/A N/A,#N/A N/A,#N/A N/A,#N/A N/A,#N/A N/A,#N/A N/A,Aa3,Aa3,Aa3,Aa3,Aa3,Aa3,Aa3,Aa3,Aa3,Aa3,Aa3,Aa3,Aa3,Aa3,Aa3,Aa3,Aa3,Aa3,Aa3,Aa3,Aa3,Aa3,Aa3,Aa3,Aa3,Aa3
Tanzania,#N/A N/A,#N/A N/A,#N/A N/A,#N/A N/A,#N/A N/A,#N/A N/A,#N/A N/A,#N/A N/A,#N/A N/A,#N/A N/A,#N/A N/A,#N/A N/A,#N/A N/A,#N/A N/A,#N/A N/A,#N/A N/A,#N/A N/A,#N/A N/A,#N/A N/A,#N/A N/A,#N/A N/A,#N/A N/A,#N/A N/A,#N/A N/A,#N/A N/A,#N/A N/A,#N/A N/A,#N/A N/A,#N/A N/A,#N/A N/A,#N/A N/A,#N/A N/A,#N/A N/A,#N/A N/A,#N/A N/A,#N/A N/A,#N/A N/A,#N/A N/A
Thailand,#N/A N/A,#N/A N/A,#N/A N/A,#N/A N/A,#N/A N/A,#N/A N/A,#N/A N/A,#N/A N/A,#N/A N/A,#N/A N/A,#N/A N/A,#N/A N/A,Baa1,Baa1,Baa1,Baa1,Baa1,Baa1,Baa1,Baa1,Baa1,Baa1,Baa1,Baa1,Baa1,Baa1,Baa1,Baa1,Baa1,Baa1,Baa1,Baa1,Baa1,Baa1,Baa1,Baa1,Baa1,Baa1
Trinidad & Tobago,#N/A Invalid Security,#N/A Invalid Security,#N/A Invalid Security,#N/A Invalid Security,#N/A Invalid Security,#N/A Invalid Security,#N/A Invalid Security,#N/A Invalid Security,#N/A Invalid Security,#N/A Invalid Security,#N/A Invalid Security,#N/A Invalid Security,#N/A Invalid Security,#N/A Invalid Security,#N/A Invalid Security,#N/A Invalid Security,#N/A Invalid Security,#N/A Invalid Security,#N/A Invalid Security,#N/A Invalid Security,#N/A Invalid Security,#N/A Invalid Security,#N/A Invalid Security,#N/A Invalid Security,#N/A Invalid Security,#N/A Invalid Security,#N/A Invalid Security,#N/A Invalid Security,#N/A Invalid Security,#N/A Invalid Security,#N/A Invalid Security,#N/A Invalid Security,#N/A Invalid Security,#N/A Invalid Security,#N/A Invalid Security,#N/A Invalid Security,#N/A Invalid Security,#N/A Invalid Security
Tunisia,#N/A N/A,#N/A N/A,#N/A N/A,#N/A N/A,#N/A N/A,#N/A N/A,#N/A N/A,#N/A N/A,#N/A N/A,#N/A N/A,#N/A N/A,#N/A N/A,#N/A N/A,#N/A N/A,#N/A N/A,#N/A N/A,#N/A N/A,#N/A N/A,#N/A N/A,#N/A N/A,#N/A N/A,#N/A N/A,#N/A N/A,#N/A N/A,#N/A N/A,#N/A N/A,#N/A N/A,#N/A N/A,#N/A N/A,#N/A N/A,#N/A N/A,#N/A N/A,#N/A N/A,#N/A N/A,#N/A N/A,#N/A N/A,#N/A N/A,#N/A N/A
Turkey,#N/A N/A,#N/A N/A,#N/A N/A,#N/A N/A,#N/A N/A,#N/A N/A,#N/A N/A,#N/A N/A,#N/A N/A,#N/A N/A,#N/A N/A,#N/A N/A,#N/A N/A,#N/A N/A,#N/A N/A,B3,B3,B3,B2,Ba3,Ba3,Ba3,Ba3,Ba3,Ba2,Ba2,Ba1,Baa3,Baa3,Baa3,Ba1,Ba1,Ba3,B1,B2,B2,B3,B3
Uganda,#N/A Invalid Security,#N/A Invalid Security,#N/A Invalid Security,#N/A Invalid Security,#N/A Invalid Security,#N/A Invalid Security,#N/A Invalid Security,#N/A Invalid Security,#N/A Invalid Security,#N/A Invalid Security,#N/A Invalid Security,#N/A Invalid Security,#N/A Invalid Security,#N/A Invalid Security,#N/A Invalid Security,#N/A Invalid Security,#N/A Invalid Security,#N/A Invalid Security,#N/A Invalid Security,#N/A Invalid Security,#N/A Invalid Security,#N/A Invalid Security,#N/A Invalid Security,#N/A Invalid Security,#N/A Invalid Security,#N/A Invalid Security,#N/A Invalid Security,#N/A Invalid Security,#N/A Invalid Security,#N/A Invalid Security,#N/A Invalid Security,#N/A Invalid Security,#N/A Invalid Security,#N/A Invalid Security,#N/A Invalid Security,#N/A Invalid Security,#N/A Invalid Security,#N/A Invalid Security
Ukraine,#N/A N/A,#N/A N/A,#N/A N/A,#N/A N/A,#N/A N/A,#N/A N/A,#N/A N/A,#N/A N/A,#N/A N/A,#N/A N/A,#N/A N/A,#N/A N/A,#N/A N/A,#N/A N/A,#N/A N/A,Caa1,B2,B1,B1,B1,B1,B1,B1,B2,WR,WR,WR,WR,WR,WR,WR,WR,WR,WR,WR,WR,WR,WR
United Arab Emirates,#N/A Invalid Security,#N/A Invalid Security,#N/A Invalid Security,#N/A Invalid Security,#N/A Invalid Security,#N/A Invalid Security,#N/A Invalid Security,#N/A Invalid Security,#N/A Invalid Security,#N/A Invalid Security,#N/A Invalid Security,#N/A Invalid Security,#N/A Invalid Security,#N/A Invalid Security,#N/A Invalid Security,#N/A Invalid Security,#N/A Invalid Security,#N/A Invalid Security,#N/A Invalid Security,#N/A Invalid Security,#N/A Invalid Security,#N/A Invalid Security,#N/A Invalid Security,#N/A Invalid Security,#N/A Invalid Security,#N/A Invalid Security,#N/A Invalid Security,#N/A Invalid Security,#N/A Invalid Security,#N/A Invalid Security,#N/A Invalid Security,#N/A Invalid Security,#N/A Invalid Security,#N/A Invalid Security,#N/A Invalid Security,#N/A Invalid Security,#N/A Invalid Security,#N/A Invalid Security
United Kingdom,#N/A N/A,#N/A N/A,#N/A N/A,#N/A N/A,#N/A N/A,#N/A N/A,#N/A N/A,Aaa,Aaa,Aaa,Aaa,Aaa,Aaa,Aaa,Aaa,Aaa,Aaa,Aaa,Aaa,Aaa,Aaa,Aaa,Aaa,Aaa,Aaa,Aaa,Aaa,Aa1,Aa1,Aa1,Aa1,Aa2u,Aa2u,Aa2u,Aa3u,Aa3u,Aa3u,Aa3u
United States,#N/A N/A,#N/A N/A,#N/A N/A,#N/A N/A,#N/A N/A,#N/A N/A,#N/A N/A,Aaa,Aaa,Aaa,Aaa,Aaa,Aaa,Aaa,Aaa,Aaa,Aaa,Aaa,Aaa,Aaa,Aaa,Aaa,Aaa,Aaa,Aaa,Aaa,Aaa,Aaa,Aaa,Aaa,Aaa,Aaa,Aaa,Aaa,Aaa,Aaa,Aaa,Aaa
Uruguay,#N/A N/A,#N/A N/A,#N/A N/A,#N/A N/A,#N/A N/A,#N/A N/A,#N/A N/A,#N/A N/A,#N/A N/A,#N/A N/A,#N/A N/A,#N/A N/A,#N/A N/A,#N/A N/A,#N/A N/A,#N/A N/A,#N/A N/A,B3,B3,B3,B1,B1,B1 *+,Ba3,Ba1,Ba1,Baa3,Baa3,Baa2,Baa2,Baa2,Baa2,Baa2,Baa2,Baa2,Baa2,Baa2,Baa2
Venezuela,#N/A N/A,#N/A N/A,#N/A N/A,#N/A N/A,#N/A N/A,#N/A N/A,#N/A N/A,#N/A N/A,#N/A N/A,#N/A N/A,#N/A N/A,#N/A N/A,Caa1,B3,B3,B3,Caa1,Caa1,B1,B1,B1,B1,B1,B1,B1,B1,B1,Caa1,Caa1,Caa3,Caa3,Caa3,C,C,C,WR,WR,WR
Vietnam,#N/A N/A,#N/A N/A,#N/A N/A,#N/A N/A,#N/A N/A,#N/A N/A,#N/A N/A,#N/A N/A,#N/A N/A,#N/A N/A,#N/A N/A,#N/A N/A,#N/A N/A,#N/A N/A,#N/A N/A,#N/A N/A,#N/A N/A,#N/A N/A,#N/A N/A,#N/A N/A,#N/A N/A,Ba3,Ba3,Ba3,B1,B1,B2,B2,B1,B1,B1,B1,Ba3,Ba3,Ba3,Ba3,Ba2,Ba2
Zambia,#N/A Invalid Security,#N/A Invalid Security,#N/A Invalid Security,#N/A Invalid Security,#N/A Invalid Security,#N/A Invalid Security,#N/A Invalid Security,#N/A Invalid Security,#N/A Invalid Security,#N/A Invalid Security,#N/A Invalid Security,#N/A Invalid Security,#N/A Invalid Security,#N/A Invalid Security,#N/A Invalid Security,#N/A Invalid Security,#N/A Invalid Security,#N/A Invalid Security,#N/A Invalid Security,#N/A Invalid Security,#N/A Invalid Security,#N/A Invalid Security,#N/A Invalid Security,#N/A Invalid Security,#N/A Invalid Security,#N/A Invalid Security,#N/A Invalid Security,#N/A Invalid Security,#N/A Invalid Security,#N/A Invalid Security,#N/A Invalid Security,#N/A Invalid Security,#N/A Invalid Security,#N/A Invalid Security,#N/A Invalid Security,#N/A Invalid Security,#N/A Invalid Security,#N/A Invalid Security
Zimbabwe,#N/A Invalid Security,#N/A Invalid Security,#N/A Invalid Security,#N/A Invalid Security,#N/A Invalid Security,#N/A Invalid Security,#N/A Invalid Security,#N/A Invalid Security,#N/A Invalid Security,#N/A Invalid Security,#N/A Invalid Security,#N/A Invalid Security,#N/A Invalid Security,#N/A Invalid Security,#N/A Invalid Security,#N/A Invalid Security,#N/A Invalid Security,#N/A Invalid Security,#N/A Invalid Security,#N/A Invalid Security,#N/A Invalid Security,#N/A Invalid Security,#N/A Invalid Security,#N/A Invalid Security,#N/A Invalid Security,#N/A Invalid Security,#N/A Invalid Security,#N/A Invalid Security,#N/A Invalid Security,#N/A Invalid Security,#N/A Invalid Security,#N/A Invalid Security,#N/A Invalid Security,#N/A Invalid Security,#N/A Invalid Security,#N/A Invalid Security,#N/A Invalid Security,#N/A Invalid Security
