Date,Algeria,Angola,Argentina,Armenia,Australia,Austria,Azerbaijan,Bahamas,Bahrain,Bangladesh,Barbados,Belarus,Belgium,Belize,Bolivia,Bosnia & Herzegovina,Botswana,Brazil,Bulgaria,Cambodia,Canada,Cape Verde,Chile,China,Colombia,Costa Rica,Croatia,Cyprus,Czech Republic,Denmark,Dominican Republic,Ecuador,Egypt,El Salvador,Estonia,European Union,Eurozone,Fiji,Finland,France,Georgia,Germany,Ghana,Greece,Guatemala,Honduras,Hong Kong,Hungary,Iceland,India,Indonesia,Iran,Iraq,Ireland,Israel,Italy,Jamaica,Japan,Jordan,Kazakhstan,Kenya,Kuwait,Kyrgyzstan,Latvia,Lebanon,Lithuania,Luxembourg,Macedonia,Malaysia,Maldives,Malta,Mauritius,Mexico,Moldova,Mongolia,Morocco,Myanmar,Namibia,Nepal,Netherlands,New Zealand,Nicaragua,Nigeria,Norway,Oman,Pakistan,Panama,Paraguay,Peru,Philippines,Poland,Portugal,Qatar,Romania,Russia,Saudi Arabia,Serbia,Singapore,Slovakia,Slovenia,South Africa,Korea,Spain,Sri Lanka,Sweden,Switzerland,Taiwan,Tanzania,Thailand,Trinidad & Tobago,Tunisia,Turkey,Uganda,Ukraine,United Arab Emirates,United Kingdom,United States,Uruguay,Venezuela,Vietnam,Zambia,Zimbabwe
12/31/1960,#N/A N/A,#N/A N/A,#N/A N/A,#N/A N/A,#N/A N/A,#N/A N/A,#N/A N/A,#N/A N/A,#N/A N/A,#N/A N/A,#N/A N/A,#N/A N/A,#N/A N/A,#N/A N/A,#N/A N/A,#N/A Invalid Security,#N/A N/A,#N/A N/A,#N/A N/A,#N/A N/A,#N/A N/A,#N/A N/A,#N/A N/A,#N/A N/A,#N/A N/A,#N/A N/A,#N/A N/A,#N/A N/A,#N/A N/A,#N/A N/A,#N/A N/A,#N/A N/A,#N/A N/A,#N/A N/A,#N/A N/A,#N/A N/A,#N/A N/A,#N/A N/A,#N/A N/A,#N/A N/A,#N/A N/A,#N/A N/A,#N/A N/A,#N/A N/A,#N/A N/A,#N/A N/A,#N/A N/A,#N/A N/A,#N/A N/A,#N/A N/A,#N/A N/A,#N/A N/A,#N/A N/A,#N/A N/A,#N/A N/A,#N/A N/A,#N/A N/A,#N/A N/A,#N/A N/A,#N/A N/A,#N/A N/A,#N/A N/A,#N/A Invalid Security,#N/A N/A,#N/A N/A,#N/A N/A,#N/A N/A,#N/A N/A,#N/A N/A,#N/A N/A,#N/A Invalid Security,#N/A N/A,#N/A N/A,#N/A N/A,#N/A N/A,#N/A N/A,#N/A N/A,#N/A N/A,#N/A Invalid Security,#N/A N/A,#N/A N/A,#N/A N/A,#N/A N/A,#N/A N/A,#N/A Invalid Security,#N/A N/A,#N/A N/A,#N/A N/A,#N/A N/A,#N/A N/A,#N/A N/A,#N/A N/A,#N/A N/A,#N/A N/A,#N/A N/A,#N/A N/A,#N/A Invalid Security,#N/A N/A,#N/A N/A,#N/A N/A,#N/A N/A,#N/A N/A,#N/A N/A,#N/A N/A,#N/A N/A,#N/A N/A,#N/A N/A,#N/A N/A,#N/A N/A,#N/A N/A,#N/A N/A,#N/A N/A,#N/A N/A,#N/A N/A,#N/A N/A,#N/A N/A,#N/A N/A,#N/A N/A,#N/A N/A,#N/A N/A,#N/A N/A,#N/A N/A
12/31/1961,#N/A N/A,#N/A N/A,#N/A N/A,#N/A N/A,#N/A N/A,#N/A N/A,#N/A N/A,#N/A N/A,#N/A N/A,#N/A N/A,#N/A N/A,#N/A N/A,#N/A N/A,#N/A N/A,#N/A N/A,#N/A Invalid Security,#N/A N/A,#N/A N/A,#N/A N/A,#N/A N/A,#N/A N/A,#N/A N/A,#N/A N/A,#N/A N/A,#N/A N/A,#N/A N/A,#N/A N/A,#N/A N/A,#N/A N/A,#N/A N/A,#N/A N/A,#N/A N/A,#N/A N/A,#N/A N/A,#N/A N/A,#N/A N/A,#N/A N/A,#N/A N/A,#N/A N/A,#N/A N/A,#N/A N/A,#N/A N/A,#N/A N/A,#N/A N/A,#N/A N/A,#N/A N/A,#N/A N/A,#N/A N/A,#N/A N/A,#N/A N/A,#N/A N/A,#N/A N/A,#N/A N/A,#N/A N/A,#N/A N/A,#N/A N/A,#N/A N/A,#N/A N/A,#N/A N/A,#N/A N/A,#N/A N/A,#N/A N/A,#N/A Invalid Security,#N/A N/A,#N/A N/A,#N/A N/A,#N/A N/A,#N/A N/A,#N/A N/A,#N/A N/A,#N/A Invalid Security,#N/A N/A,#N/A N/A,#N/A N/A,#N/A N/A,#N/A N/A,#N/A N/A,#N/A N/A,#N/A Invalid Security,#N/A N/A,#N/A N/A,#N/A N/A,#N/A N/A,#N/A N/A,#N/A Invalid Security,#N/A N/A,#N/A N/A,#N/A N/A,#N/A N/A,#N/A N/A,#N/A N/A,#N/A N/A,#N/A N/A,#N/A N/A,#N/A N/A,#N/A N/A,#N/A Invalid Security,#N/A N/A,#N/A N/A,#N/A N/A,#N/A N/A,#N/A N/A,#N/A N/A,#N/A N/A,#N/A N/A,#N/A N/A,#N/A N/A,#N/A N/A,#N/A N/A,#N/A N/A,#N/A N/A,#N/A N/A,#N/A N/A,#N/A N/A,#N/A N/A,#N/A N/A,#N/A N/A,#N/A N/A,#N/A N/A,#N/A N/A,#N/A N/A,#N/A N/A
12/31/1962,#N/A N/A,#N/A N/A,#N/A N/A,#N/A N/A,#N/A N/A,#N/A N/A,#N/A N/A,#N/A N/A,#N/A N/A,#N/A N/A,#N/A N/A,#N/A N/A,#N/A N/A,#N/A N/A,#N/A N/A,#N/A Invalid Security,#N/A N/A,#N/A N/A,#N/A N/A,#N/A N/A,#N/A N/A,#N/A N/A,#N/A N/A,#N/A N/A,#N/A N/A,#N/A N/A,#N/A N/A,#N/A N/A,#N/A N/A,#N/A N/A,#N/A N/A,#N/A N/A,#N/A N/A,#N/A N/A,#N/A N/A,#N/A N/A,#N/A N/A,#N/A N/A,#N/A N/A,#N/A N/A,#N/A N/A,#N/A N/A,#N/A N/A,#N/A N/A,#N/A N/A,#N/A N/A,#N/A N/A,#N/A N/A,#N/A N/A,#N/A N/A,#N/A N/A,#N/A N/A,#N/A N/A,#N/A N/A,#N/A N/A,#N/A N/A,#N/A N/A,#N/A N/A,#N/A N/A,#N/A N/A,#N/A N/A,#N/A N/A,#N/A Invalid Security,#N/A N/A,#N/A N/A,#N/A N/A,#N/A N/A,#N/A N/A,#N/A N/A,#N/A N/A,#N/A Invalid Security,#N/A N/A,#N/A N/A,#N/A N/A,#N/A N/A,#N/A N/A,#N/A N/A,#N/A N/A,#N/A Invalid Security,#N/A N/A,#N/A N/A,#N/A N/A,#N/A N/A,#N/A N/A,#N/A Invalid Security,#N/A N/A,#N/A N/A,#N/A N/A,#N/A N/A,#N/A N/A,#N/A N/A,#N/A N/A,#N/A N/A,#N/A N/A,#N/A N/A,#N/A N/A,#N/A Invalid Security,#N/A N/A,#N/A N/A,#N/A N/A,#N/A N/A,#N/A N/A,#N/A N/A,#N/A N/A,#N/A N/A,#N/A N/A,#N/A N/A,#N/A N/A,#N/A N/A,#N/A N/A,#N/A N/A,#N/A N/A,#N/A N/A,#N/A N/A,#N/A N/A,#N/A N/A,#N/A N/A,#N/A N/A,#N/A N/A,#N/A N/A,#N/A N/A,#N/A N/A
12/31/1963,#N/A N/A,#N/A N/A,#N/A N/A,#N/A N/A,#N/A N/A,#N/A N/A,#N/A N/A,#N/A N/A,#N/A N/A,#N/A N/A,#N/A N/A,#N/A N/A,#N/A N/A,#N/A N/A,#N/A N/A,#N/A Invalid Security,#N/A N/A,#N/A N/A,#N/A N/A,#N/A N/A,#N/A N/A,#N/A N/A,#N/A N/A,#N/A N/A,#N/A N/A,#N/A N/A,#N/A N/A,#N/A N/A,#N/A N/A,#N/A N/A,#N/A N/A,#N/A N/A,#N/A N/A,#N/A N/A,#N/A N/A,#N/A N/A,#N/A N/A,#N/A N/A,#N/A N/A,#N/A N/A,#N/A N/A,#N/A N/A,#N/A N/A,#N/A N/A,#N/A N/A,#N/A N/A,#N/A N/A,#N/A N/A,#N/A N/A,#N/A N/A,#N/A N/A,#N/A N/A,#N/A N/A,#N/A N/A,#N/A N/A,#N/A N/A,#N/A N/A,#N/A N/A,#N/A N/A,#N/A N/A,#N/A N/A,#N/A N/A,#N/A Invalid Security,#N/A N/A,#N/A N/A,#N/A N/A,#N/A N/A,#N/A N/A,#N/A N/A,#N/A N/A,#N/A Invalid Security,#N/A N/A,#N/A N/A,#N/A N/A,#N/A N/A,#N/A N/A,#N/A N/A,#N/A N/A,#N/A Invalid Security,#N/A N/A,#N/A N/A,#N/A N/A,#N/A N/A,#N/A N/A,#N/A Invalid Security,#N/A N/A,#N/A N/A,#N/A N/A,#N/A N/A,#N/A N/A,#N/A N/A,#N/A N/A,#N/A N/A,#N/A N/A,#N/A N/A,#N/A N/A,#N/A Invalid Security,#N/A N/A,#N/A N/A,#N/A N/A,#N/A N/A,#N/A N/A,#N/A N/A,#N/A N/A,#N/A N/A,#N/A N/A,#N/A N/A,#N/A N/A,#N/A N/A,#N/A N/A,#N/A N/A,#N/A N/A,#N/A N/A,#N/A N/A,#N/A N/A,#N/A N/A,#N/A N/A,#N/A N/A,#N/A N/A,#N/A N/A,#N/A N/A,#N/A N/A
12/31/1964,#N/A N/A,#N/A N/A,#N/A N/A,#N/A N/A,#N/A N/A,#N/A N/A,#N/A N/A,#N/A N/A,#N/A N/A,#N/A N/A,#N/A N/A,#N/A N/A,#N/A N/A,#N/A N/A,#N/A N/A,#N/A Invalid Security,#N/A N/A,#N/A N/A,#N/A N/A,#N/A N/A,#N/A N/A,#N/A N/A,#N/A N/A,#N/A N/A,#N/A N/A,#N/A N/A,#N/A N/A,#N/A N/A,#N/A N/A,#N/A N/A,#N/A N/A,#N/A N/A,#N/A N/A,#N/A N/A,#N/A N/A,#N/A N/A,#N/A N/A,#N/A N/A,#N/A N/A,#N/A N/A,#N/A N/A,#N/A N/A,#N/A N/A,#N/A N/A,#N/A N/A,#N/A N/A,#N/A N/A,#N/A N/A,#N/A N/A,#N/A N/A,#N/A N/A,#N/A N/A,#N/A N/A,#N/A N/A,#N/A N/A,#N/A N/A,#N/A N/A,#N/A N/A,#N/A N/A,#N/A N/A,#N/A N/A,#N/A N/A,#N/A Invalid Security,#N/A N/A,#N/A N/A,#N/A N/A,#N/A N/A,#N/A N/A,#N/A N/A,#N/A N/A,#N/A Invalid Security,#N/A N/A,#N/A N/A,#N/A N/A,#N/A N/A,#N/A N/A,#N/A N/A,#N/A N/A,#N/A Invalid Security,#N/A N/A,#N/A N/A,#N/A N/A,#N/A N/A,#N/A N/A,#N/A Invalid Security,#N/A N/A,#N/A N/A,#N/A N/A,#N/A N/A,#N/A N/A,#N/A N/A,#N/A N/A,#N/A N/A,#N/A N/A,#N/A N/A,#N/A N/A,#N/A Invalid Security,#N/A N/A,#N/A N/A,#N/A N/A,#N/A N/A,#N/A N/A,#N/A N/A,#N/A N/A,#N/A N/A,#N/A N/A,#N/A N/A,#N/A N/A,#N/A N/A,#N/A N/A,#N/A N/A,#N/A N/A,#N/A N/A,#N/A N/A,#N/A N/A,#N/A N/A,#N/A N/A,#N/A N/A,#N/A N/A,#N/A N/A,#N/A N/A,#N/A N/A
12/31/1965,#N/A N/A,#N/A N/A,#N/A N/A,#N/A N/A,#N/A N/A,#N/A N/A,#N/A N/A,#N/A N/A,#N/A N/A,#N/A N/A,#N/A N/A,#N/A N/A,#N/A N/A,#N/A N/A,#N/A N/A,#N/A Invalid Security,#N/A N/A,#N/A N/A,#N/A N/A,#N/A N/A,#N/A N/A,#N/A N/A,#N/A N/A,#N/A N/A,#N/A N/A,#N/A N/A,#N/A N/A,#N/A N/A,#N/A N/A,#N/A N/A,#N/A N/A,#N/A N/A,#N/A N/A,#N/A N/A,#N/A N/A,#N/A N/A,#N/A N/A,#N/A N/A,#N/A N/A,#N/A N/A,#N/A N/A,#N/A N/A,#N/A N/A,#N/A N/A,#N/A N/A,#N/A N/A,#N/A N/A,#N/A N/A,#N/A N/A,#N/A N/A,#N/A N/A,#N/A N/A,#N/A N/A,#N/A N/A,#N/A N/A,#N/A N/A,#N/A N/A,#N/A N/A,#N/A N/A,#N/A N/A,#N/A N/A,#N/A N/A,#N/A Invalid Security,#N/A N/A,#N/A N/A,#N/A N/A,#N/A N/A,#N/A N/A,#N/A N/A,#N/A N/A,#N/A Invalid Security,#N/A N/A,#N/A N/A,#N/A N/A,#N/A N/A,#N/A N/A,#N/A N/A,#N/A N/A,#N/A Invalid Security,#N/A N/A,#N/A N/A,#N/A N/A,#N/A N/A,#N/A N/A,#N/A Invalid Security,#N/A N/A,#N/A N/A,#N/A N/A,#N/A N/A,#N/A N/A,#N/A N/A,#N/A N/A,#N/A N/A,#N/A N/A,#N/A N/A,#N/A N/A,#N/A Invalid Security,#N/A N/A,#N/A N/A,#N/A N/A,#N/A N/A,#N/A N/A,#N/A N/A,#N/A N/A,#N/A N/A,#N/A N/A,#N/A N/A,#N/A N/A,#N/A N/A,#N/A N/A,#N/A N/A,#N/A N/A,#N/A N/A,#N/A N/A,#N/A N/A,#N/A N/A,#N/A N/A,#N/A N/A,#N/A N/A,#N/A N/A,#N/A N/A,#N/A N/A
12/31/1966,#N/A N/A,#N/A N/A,#N/A N/A,#N/A N/A,#N/A N/A,#N/A N/A,#N/A N/A,#N/A N/A,#N/A N/A,#N/A N/A,#N/A N/A,#N/A N/A,#N/A N/A,#N/A N/A,#N/A N/A,#N/A Invalid Security,#N/A N/A,#N/A N/A,#N/A N/A,#N/A N/A,#N/A N/A,#N/A N/A,#N/A N/A,#N/A N/A,#N/A N/A,#N/A N/A,#N/A N/A,#N/A N/A,#N/A N/A,#N/A N/A,#N/A N/A,#N/A N/A,#N/A N/A,#N/A N/A,#N/A N/A,#N/A N/A,#N/A N/A,#N/A N/A,#N/A N/A,#N/A N/A,#N/A N/A,#N/A N/A,#N/A N/A,#N/A N/A,#N/A N/A,#N/A N/A,#N/A N/A,#N/A N/A,#N/A N/A,#N/A N/A,#N/A N/A,#N/A N/A,#N/A N/A,#N/A N/A,#N/A N/A,#N/A N/A,#N/A N/A,#N/A N/A,#N/A N/A,#N/A N/A,#N/A N/A,#N/A N/A,#N/A Invalid Security,#N/A N/A,#N/A N/A,#N/A N/A,#N/A N/A,#N/A N/A,#N/A N/A,#N/A N/A,#N/A Invalid Security,#N/A N/A,#N/A N/A,#N/A N/A,#N/A N/A,#N/A N/A,#N/A N/A,#N/A N/A,#N/A Invalid Security,#N/A N/A,#N/A N/A,#N/A N/A,#N/A N/A,#N/A N/A,#N/A Invalid Security,#N/A N/A,#N/A N/A,#N/A N/A,#N/A N/A,#N/A N/A,#N/A N/A,#N/A N/A,#N/A N/A,#N/A N/A,#N/A N/A,#N/A N/A,#N/A Invalid Security,#N/A N/A,#N/A N/A,#N/A N/A,#N/A N/A,#N/A N/A,#N/A N/A,#N/A N/A,#N/A N/A,#N/A N/A,#N/A N/A,#N/A N/A,#N/A N/A,#N/A N/A,#N/A N/A,#N/A N/A,#N/A N/A,#N/A N/A,#N/A N/A,#N/A N/A,#N/A N/A,#N/A N/A,#N/A N/A,#N/A N/A,#N/A N/A,#N/A N/A
12/31/1967,#N/A N/A,#N/A N/A,#N/A N/A,#N/A N/A,#N/A N/A,#N/A N/A,#N/A N/A,#N/A N/A,#N/A N/A,#N/A N/A,#N/A N/A,#N/A N/A,#N/A N/A,#N/A N/A,#N/A N/A,#N/A Invalid Security,#N/A N/A,#N/A N/A,#N/A N/A,#N/A N/A,#N/A N/A,#N/A N/A,#N/A N/A,#N/A N/A,#N/A N/A,#N/A N/A,#N/A N/A,#N/A N/A,#N/A N/A,#N/A N/A,#N/A N/A,#N/A N/A,#N/A N/A,#N/A N/A,#N/A N/A,#N/A N/A,#N/A N/A,#N/A N/A,#N/A N/A,#N/A N/A,#N/A N/A,#N/A N/A,#N/A N/A,#N/A N/A,#N/A N/A,#N/A N/A,#N/A N/A,#N/A N/A,#N/A N/A,#N/A N/A,#N/A N/A,#N/A N/A,#N/A N/A,#N/A N/A,#N/A N/A,#N/A N/A,#N/A N/A,#N/A N/A,#N/A N/A,#N/A N/A,#N/A N/A,#N/A N/A,#N/A Invalid Security,#N/A N/A,#N/A N/A,#N/A N/A,#N/A N/A,#N/A N/A,#N/A N/A,#N/A N/A,#N/A Invalid Security,#N/A N/A,#N/A N/A,#N/A N/A,#N/A N/A,#N/A N/A,#N/A N/A,#N/A N/A,#N/A Invalid Security,#N/A N/A,#N/A N/A,#N/A N/A,#N/A N/A,#N/A N/A,#N/A Invalid Security,#N/A N/A,#N/A N/A,#N/A N/A,#N/A N/A,#N/A N/A,#N/A N/A,#N/A N/A,#N/A N/A,#N/A N/A,#N/A N/A,#N/A N/A,#N/A Invalid Security,#N/A N/A,#N/A N/A,#N/A N/A,#N/A N/A,#N/A N/A,#N/A N/A,#N/A N/A,#N/A N/A,#N/A N/A,#N/A N/A,#N/A N/A,#N/A N/A,#N/A N/A,#N/A N/A,#N/A N/A,#N/A N/A,#N/A N/A,#N/A N/A,#N/A N/A,#N/A N/A,#N/A N/A,#N/A N/A,#N/A N/A,#N/A N/A,#N/A N/A
12/31/1968,#N/A N/A,#N/A N/A,#N/A N/A,#N/A N/A,#N/A N/A,#N/A N/A,#N/A N/A,#N/A N/A,#N/A N/A,#N/A N/A,#N/A N/A,#N/A N/A,#N/A N/A,#N/A N/A,#N/A N/A,#N/A Invalid Security,#N/A N/A,#N/A N/A,#N/A N/A,#N/A N/A,#N/A N/A,#N/A N/A,#N/A N/A,#N/A N/A,#N/A N/A,#N/A N/A,#N/A N/A,#N/A N/A,#N/A N/A,#N/A N/A,#N/A N/A,#N/A N/A,#N/A N/A,#N/A N/A,#N/A N/A,#N/A N/A,#N/A N/A,#N/A N/A,#N/A N/A,#N/A N/A,#N/A N/A,#N/A N/A,#N/A N/A,#N/A N/A,#N/A N/A,#N/A N/A,#N/A N/A,#N/A N/A,#N/A N/A,#N/A N/A,#N/A N/A,#N/A N/A,#N/A N/A,#N/A N/A,#N/A N/A,#N/A N/A,#N/A N/A,#N/A N/A,#N/A N/A,#N/A N/A,#N/A N/A,#N/A N/A,#N/A Invalid Security,#N/A N/A,#N/A N/A,#N/A N/A,#N/A N/A,#N/A N/A,#N/A N/A,#N/A N/A,#N/A Invalid Security,#N/A N/A,#N/A N/A,#N/A N/A,#N/A N/A,#N/A N/A,#N/A N/A,#N/A N/A,#N/A Invalid Security,#N/A N/A,#N/A N/A,#N/A N/A,#N/A N/A,#N/A N/A,#N/A Invalid Security,#N/A N/A,#N/A N/A,#N/A N/A,#N/A N/A,#N/A N/A,#N/A N/A,#N/A N/A,#N/A N/A,#N/A N/A,#N/A N/A,#N/A N/A,#N/A Invalid Security,#N/A N/A,#N/A N/A,#N/A N/A,#N/A N/A,#N/A N/A,#N/A N/A,#N/A N/A,#N/A N/A,#N/A N/A,#N/A N/A,#N/A N/A,#N/A N/A,#N/A N/A,#N/A N/A,#N/A N/A,#N/A N/A,#N/A N/A,#N/A N/A,#N/A N/A,#N/A N/A,#N/A N/A,#N/A N/A,#N/A N/A,#N/A N/A,#N/A N/A
12/31/1969,#N/A N/A,#N/A N/A,#N/A N/A,#N/A N/A,#N/A N/A,#N/A N/A,#N/A N/A,#N/A N/A,#N/A N/A,#N/A N/A,#N/A N/A,#N/A N/A,#N/A N/A,#N/A N/A,#N/A N/A,#N/A Invalid Security,#N/A N/A,#N/A N/A,#N/A N/A,#N/A N/A,#N/A N/A,#N/A N/A,#N/A N/A,#N/A N/A,#N/A N/A,#N/A N/A,#N/A N/A,#N/A N/A,#N/A N/A,#N/A N/A,#N/A N/A,#N/A N/A,#N/A N/A,#N/A N/A,#N/A N/A,#N/A N/A,#N/A N/A,#N/A N/A,#N/A N/A,#N/A N/A,#N/A N/A,#N/A N/A,#N/A N/A,#N/A N/A,#N/A N/A,#N/A N/A,#N/A N/A,#N/A N/A,#N/A N/A,#N/A N/A,#N/A N/A,#N/A N/A,#N/A N/A,#N/A N/A,#N/A N/A,#N/A N/A,#N/A N/A,#N/A N/A,#N/A N/A,#N/A N/A,#N/A N/A,#N/A N/A,#N/A Invalid Security,#N/A N/A,#N/A N/A,#N/A N/A,#N/A N/A,#N/A N/A,#N/A N/A,#N/A N/A,#N/A Invalid Security,#N/A N/A,#N/A N/A,#N/A N/A,#N/A N/A,#N/A N/A,#N/A N/A,#N/A N/A,#N/A Invalid Security,#N/A N/A,#N/A N/A,#N/A N/A,#N/A N/A,#N/A N/A,#N/A Invalid Security,#N/A N/A,#N/A N/A,#N/A N/A,#N/A N/A,#N/A N/A,#N/A N/A,#N/A N/A,#N/A N/A,#N/A N/A,#N/A N/A,#N/A N/A,#N/A Invalid Security,#N/A N/A,#N/A N/A,#N/A N/A,#N/A N/A,#N/A N/A,#N/A N/A,#N/A N/A,#N/A N/A,#N/A N/A,#N/A N/A,#N/A N/A,#N/A N/A,#N/A N/A,#N/A N/A,#N/A N/A,#N/A N/A,#N/A N/A,#N/A N/A,#N/A N/A,#N/A N/A,#N/A N/A,#N/A N/A,#N/A N/A,#N/A N/A,#N/A N/A
12/31/1970,#N/A N/A,#N/A N/A,#N/A N/A,#N/A N/A,#N/A N/A,#N/A N/A,#N/A N/A,#N/A N/A,#N/A N/A,#N/A N/A,#N/A N/A,#N/A N/A,#N/A N/A,#N/A N/A,#N/A N/A,#N/A Invalid Security,#N/A N/A,#N/A N/A,#N/A N/A,#N/A N/A,#N/A N/A,#N/A N/A,#N/A N/A,#N/A N/A,#N/A N/A,#N/A N/A,#N/A N/A,#N/A N/A,#N/A N/A,#N/A N/A,#N/A N/A,#N/A N/A,#N/A N/A,#N/A N/A,#N/A N/A,#N/A N/A,#N/A N/A,#N/A N/A,#N/A N/A,#N/A N/A,#N/A N/A,#N/A N/A,#N/A N/A,#N/A N/A,#N/A N/A,#N/A N/A,#N/A N/A,#N/A N/A,#N/A N/A,#N/A N/A,#N/A N/A,#N/A N/A,#N/A N/A,#N/A N/A,#N/A N/A,#N/A N/A,#N/A N/A,#N/A N/A,#N/A N/A,#N/A N/A,#N/A N/A,#N/A N/A,#N/A Invalid Security,#N/A N/A,#N/A N/A,#N/A N/A,#N/A N/A,#N/A N/A,#N/A N/A,#N/A N/A,#N/A Invalid Security,#N/A N/A,#N/A N/A,#N/A N/A,#N/A N/A,#N/A N/A,#N/A N/A,#N/A N/A,#N/A Invalid Security,#N/A N/A,#N/A N/A,#N/A N/A,#N/A N/A,#N/A N/A,#N/A Invalid Security,#N/A N/A,#N/A N/A,#N/A N/A,#N/A N/A,#N/A N/A,#N/A N/A,#N/A N/A,#N/A N/A,#N/A N/A,#N/A N/A,#N/A N/A,#N/A Invalid Security,#N/A N/A,#N/A N/A,#N/A N/A,#N/A N/A,#N/A N/A,#N/A N/A,#N/A N/A,#N/A N/A,#N/A N/A,#N/A N/A,#N/A N/A,#N/A N/A,#N/A N/A,#N/A N/A,#N/A N/A,#N/A N/A,#N/A N/A,#N/A N/A,#N/A N/A,#N/A N/A,#N/A N/A,#N/A N/A,#N/A N/A,#N/A N/A,#N/A N/A
12/31/1971,#N/A N/A,#N/A N/A,#N/A N/A,#N/A N/A,#N/A N/A,#N/A N/A,#N/A N/A,#N/A N/A,#N/A N/A,#N/A N/A,#N/A N/A,#N/A N/A,#N/A N/A,#N/A N/A,#N/A N/A,#N/A Invalid Security,#N/A N/A,#N/A N/A,#N/A N/A,#N/A N/A,#N/A N/A,#N/A N/A,#N/A N/A,#N/A N/A,#N/A N/A,#N/A N/A,#N/A N/A,#N/A N/A,#N/A N/A,#N/A N/A,#N/A N/A,#N/A N/A,#N/A N/A,#N/A N/A,#N/A N/A,#N/A N/A,#N/A N/A,#N/A N/A,#N/A N/A,#N/A N/A,#N/A N/A,#N/A N/A,#N/A N/A,#N/A N/A,#N/A N/A,#N/A N/A,#N/A N/A,#N/A N/A,#N/A N/A,#N/A N/A,#N/A N/A,#N/A N/A,#N/A N/A,#N/A N/A,#N/A N/A,#N/A N/A,#N/A N/A,#N/A N/A,#N/A N/A,#N/A N/A,#N/A N/A,#N/A N/A,#N/A Invalid Security,#N/A N/A,#N/A N/A,#N/A N/A,#N/A N/A,#N/A N/A,#N/A N/A,#N/A N/A,#N/A Invalid Security,#N/A N/A,#N/A N/A,#N/A N/A,#N/A N/A,#N/A N/A,#N/A N/A,#N/A N/A,#N/A Invalid Security,#N/A N/A,#N/A N/A,#N/A N/A,#N/A N/A,#N/A N/A,#N/A Invalid Security,#N/A N/A,#N/A N/A,#N/A N/A,#N/A N/A,#N/A N/A,#N/A N/A,#N/A N/A,#N/A N/A,#N/A N/A,#N/A N/A,#N/A N/A,#N/A Invalid Security,#N/A N/A,#N/A N/A,#N/A N/A,#N/A N/A,#N/A N/A,#N/A N/A,#N/A N/A,#N/A N/A,#N/A N/A,#N/A N/A,#N/A N/A,#N/A N/A,#N/A N/A,#N/A N/A,#N/A N/A,#N/A N/A,#N/A N/A,#N/A N/A,#N/A N/A,#N/A N/A,#N/A N/A,#N/A N/A,#N/A N/A,#N/A N/A,#N/A N/A
12/31/1972,#N/A N/A,#N/A N/A,#N/A N/A,#N/A N/A,#N/A N/A,#N/A N/A,#N/A N/A,#N/A N/A,#N/A N/A,#N/A N/A,#N/A N/A,#N/A N/A,#N/A N/A,#N/A N/A,#N/A N/A,#N/A Invalid Security,#N/A N/A,#N/A N/A,#N/A N/A,#N/A N/A,#N/A N/A,#N/A N/A,#N/A N/A,#N/A N/A,#N/A N/A,#N/A N/A,#N/A N/A,#N/A N/A,#N/A N/A,#N/A N/A,#N/A N/A,#N/A N/A,#N/A N/A,#N/A N/A,#N/A N/A,#N/A N/A,#N/A N/A,#N/A N/A,#N/A N/A,#N/A N/A,#N/A N/A,#N/A N/A,#N/A N/A,#N/A N/A,#N/A N/A,#N/A N/A,#N/A N/A,#N/A N/A,#N/A N/A,#N/A N/A,#N/A N/A,#N/A N/A,#N/A N/A,#N/A N/A,#N/A N/A,#N/A N/A,#N/A N/A,#N/A N/A,#N/A N/A,#N/A N/A,#N/A N/A,#N/A N/A,#N/A Invalid Security,#N/A N/A,#N/A N/A,#N/A N/A,#N/A N/A,#N/A N/A,#N/A N/A,#N/A N/A,#N/A Invalid Security,#N/A N/A,#N/A N/A,#N/A N/A,#N/A N/A,#N/A N/A,#N/A N/A,#N/A N/A,#N/A Invalid Security,#N/A N/A,#N/A N/A,#N/A N/A,#N/A N/A,#N/A N/A,#N/A Invalid Security,#N/A N/A,#N/A N/A,#N/A N/A,#N/A N/A,#N/A N/A,#N/A N/A,#N/A N/A,#N/A N/A,#N/A N/A,#N/A N/A,#N/A N/A,#N/A Invalid Security,#N/A N/A,#N/A N/A,#N/A N/A,#N/A N/A,#N/A N/A,#N/A N/A,#N/A N/A,#N/A N/A,#N/A N/A,#N/A N/A,#N/A N/A,#N/A N/A,#N/A N/A,#N/A N/A,#N/A N/A,#N/A N/A,#N/A N/A,#N/A N/A,#N/A N/A,#N/A N/A,#N/A N/A,#N/A N/A,#N/A N/A,#N/A N/A,#N/A N/A
12/31/1973,#N/A N/A,#N/A N/A,#N/A N/A,#N/A N/A,#N/A N/A,#N/A N/A,#N/A N/A,#N/A N/A,#N/A N/A,#N/A N/A,#N/A N/A,#N/A N/A,#N/A N/A,#N/A N/A,#N/A N/A,#N/A Invalid Security,#N/A N/A,#N/A N/A,#N/A N/A,#N/A N/A,#N/A N/A,#N/A N/A,#N/A N/A,#N/A N/A,#N/A N/A,#N/A N/A,#N/A N/A,#N/A N/A,#N/A N/A,#N/A N/A,#N/A N/A,#N/A N/A,#N/A N/A,#N/A N/A,#N/A N/A,#N/A N/A,#N/A N/A,#N/A N/A,#N/A N/A,#N/A N/A,#N/A N/A,#N/A N/A,#N/A N/A,#N/A N/A,#N/A N/A,#N/A N/A,#N/A N/A,#N/A N/A,#N/A N/A,#N/A N/A,#N/A N/A,#N/A N/A,#N/A N/A,#N/A N/A,#N/A N/A,#N/A N/A,#N/A N/A,#N/A N/A,#N/A N/A,#N/A N/A,#N/A N/A,#N/A N/A,#N/A Invalid Security,#N/A N/A,#N/A N/A,#N/A N/A,#N/A N/A,#N/A N/A,#N/A N/A,#N/A N/A,#N/A Invalid Security,#N/A N/A,#N/A N/A,#N/A N/A,#N/A N/A,#N/A N/A,#N/A N/A,#N/A N/A,#N/A Invalid Security,#N/A N/A,#N/A N/A,#N/A N/A,#N/A N/A,#N/A N/A,#N/A Invalid Security,#N/A N/A,#N/A N/A,#N/A N/A,#N/A N/A,#N/A N/A,#N/A N/A,#N/A N/A,#N/A N/A,#N/A N/A,#N/A N/A,#N/A N/A,#N/A Invalid Security,#N/A N/A,#N/A N/A,#N/A N/A,#N/A N/A,#N/A N/A,#N/A N/A,#N/A N/A,#N/A N/A,#N/A N/A,#N/A N/A,#N/A N/A,#N/A N/A,#N/A N/A,#N/A N/A,#N/A N/A,#N/A N/A,#N/A N/A,#N/A N/A,#N/A N/A,#N/A N/A,#N/A N/A,#N/A N/A,#N/A N/A,#N/A N/A,#N/A N/A
12/31/1974,#N/A N/A,#N/A N/A,#N/A N/A,#N/A N/A,#N/A N/A,#N/A N/A,#N/A N/A,#N/A N/A,#N/A N/A,#N/A N/A,#N/A N/A,#N/A N/A,#N/A N/A,#N/A N/A,#N/A N/A,#N/A Invalid Security,#N/A N/A,#N/A N/A,#N/A N/A,#N/A N/A,#N/A N/A,#N/A N/A,#N/A N/A,#N/A N/A,#N/A N/A,#N/A N/A,#N/A N/A,#N/A N/A,#N/A N/A,#N/A N/A,#N/A N/A,#N/A N/A,#N/A N/A,#N/A N/A,#N/A N/A,#N/A N/A,#N/A N/A,#N/A N/A,#N/A N/A,#N/A N/A,#N/A N/A,#N/A N/A,#N/A N/A,#N/A N/A,#N/A N/A,#N/A N/A,#N/A N/A,#N/A N/A,#N/A N/A,#N/A N/A,#N/A N/A,#N/A N/A,#N/A N/A,#N/A N/A,#N/A N/A,#N/A N/A,#N/A N/A,#N/A N/A,#N/A N/A,#N/A N/A,#N/A N/A,#N/A N/A,#N/A Invalid Security,#N/A N/A,#N/A N/A,#N/A N/A,#N/A N/A,#N/A N/A,#N/A N/A,#N/A N/A,#N/A Invalid Security,#N/A N/A,#N/A N/A,#N/A N/A,#N/A N/A,#N/A N/A,#N/A N/A,#N/A N/A,#N/A Invalid Security,#N/A N/A,#N/A N/A,#N/A N/A,#N/A N/A,#N/A N/A,#N/A Invalid Security,#N/A N/A,#N/A N/A,#N/A N/A,#N/A N/A,#N/A N/A,#N/A N/A,#N/A N/A,#N/A N/A,#N/A N/A,#N/A N/A,#N/A N/A,#N/A Invalid Security,#N/A N/A,#N/A N/A,#N/A N/A,#N/A N/A,#N/A N/A,#N/A N/A,#N/A N/A,#N/A N/A,#N/A N/A,#N/A N/A,#N/A N/A,#N/A N/A,#N/A N/A,#N/A N/A,#N/A N/A,#N/A N/A,#N/A N/A,#N/A N/A,#N/A N/A,#N/A N/A,#N/A N/A,#N/A N/A,#N/A N/A,#N/A N/A,#N/A N/A
12/31/1975,#N/A N/A,#N/A N/A,#N/A N/A,#N/A N/A,#N/A N/A,#N/A N/A,#N/A N/A,#N/A N/A,#N/A N/A,#N/A N/A,#N/A N/A,#N/A N/A,#N/A N/A,#N/A N/A,#N/A N/A,#N/A Invalid Security,#N/A N/A,#N/A N/A,#N/A N/A,#N/A N/A,#N/A N/A,#N/A N/A,#N/A N/A,#N/A N/A,#N/A N/A,#N/A N/A,#N/A N/A,#N/A N/A,#N/A N/A,#N/A N/A,#N/A N/A,#N/A N/A,#N/A N/A,#N/A N/A,#N/A N/A,#N/A N/A,#N/A N/A,#N/A N/A,#N/A N/A,#N/A N/A,#N/A N/A,#N/A N/A,#N/A N/A,#N/A N/A,#N/A N/A,#N/A N/A,#N/A N/A,#N/A N/A,#N/A N/A,#N/A N/A,#N/A N/A,#N/A N/A,#N/A N/A,#N/A N/A,#N/A N/A,#N/A N/A,#N/A N/A,#N/A N/A,#N/A N/A,#N/A N/A,#N/A N/A,#N/A N/A,#N/A Invalid Security,#N/A N/A,#N/A N/A,#N/A N/A,#N/A N/A,#N/A N/A,#N/A N/A,#N/A N/A,#N/A Invalid Security,#N/A N/A,#N/A N/A,#N/A N/A,#N/A N/A,#N/A N/A,#N/A N/A,#N/A N/A,#N/A Invalid Security,#N/A N/A,#N/A N/A,#N/A N/A,#N/A N/A,#N/A N/A,#N/A Invalid Security,#N/A N/A,#N/A N/A,#N/A N/A,#N/A N/A,#N/A N/A,#N/A N/A,#N/A N/A,#N/A N/A,#N/A N/A,#N/A N/A,#N/A N/A,#N/A Invalid Security,#N/A N/A,#N/A N/A,#N/A N/A,#N/A N/A,#N/A N/A,#N/A N/A,#N/A N/A,#N/A N/A,#N/A N/A,#N/A N/A,#N/A N/A,#N/A N/A,#N/A N/A,#N/A N/A,#N/A N/A,#N/A N/A,#N/A N/A,#N/A N/A,#N/A N/A,#N/A N/A,#N/A N/A,#N/A N/A,#N/A N/A,#N/A N/A,#N/A N/A
12/31/1976,#N/A N/A,#N/A N/A,#N/A N/A,#N/A N/A,#N/A N/A,#N/A N/A,#N/A N/A,#N/A N/A,#N/A N/A,#N/A N/A,#N/A N/A,#N/A N/A,#N/A N/A,#N/A N/A,#N/A N/A,#N/A Invalid Security,#N/A N/A,#N/A N/A,#N/A N/A,#N/A N/A,#N/A N/A,#N/A N/A,#N/A N/A,#N/A N/A,#N/A N/A,#N/A N/A,#N/A N/A,#N/A N/A,#N/A N/A,#N/A N/A,#N/A N/A,#N/A N/A,#N/A N/A,#N/A N/A,#N/A N/A,AAA,AAA,#N/A N/A,#N/A N/A,#N/A N/A,#N/A N/A,#N/A N/A,#N/A N/A,#N/A N/A,#N/A N/A,#N/A N/A,#N/A N/A,#N/A N/A,#N/A N/A,#N/A N/A,#N/A N/A,#N/A N/A,#N/A N/A,#N/A N/A,#N/A N/A,#N/A N/A,#N/A N/A,#N/A N/A,#N/A N/A,#N/A N/A,#N/A N/A,#N/A N/A,#N/A Invalid Security,#N/A N/A,#N/A N/A,#N/A N/A,#N/A N/A,#N/A N/A,#N/A N/A,#N/A N/A,#N/A Invalid Security,#N/A N/A,#N/A N/A,#N/A N/A,#N/A N/A,#N/A N/A,#N/A N/A,#N/A N/A,#N/A Invalid Security,#N/A N/A,#N/A N/A,#N/A N/A,#N/A N/A,#N/A N/A,#N/A Invalid Security,#N/A N/A,#N/A N/A,#N/A N/A,#N/A N/A,#N/A N/A,#N/A N/A,#N/A N/A,#N/A N/A,#N/A N/A,#N/A N/A,#N/A N/A,#N/A Invalid Security,#N/A N/A,#N/A N/A,#N/A N/A,#N/A N/A,#N/A N/A,#N/A N/A,#N/A N/A,#N/A N/A,#N/A N/A,#N/A N/A,#N/A N/A,#N/A N/A,#N/A N/A,#N/A N/A,#N/A N/A,#N/A N/A,#N/A N/A,#N/A N/A,#N/A N/A,#N/A N/A,#N/A N/A,#N/A N/A,#N/A N/A,#N/A N/A,#N/A N/A
12/31/1977,#N/A N/A,#N/A N/A,#N/A N/A,#N/A N/A,#N/A N/A,#N/A N/A,#N/A N/A,#N/A N/A,#N/A N/A,#N/A N/A,#N/A N/A,#N/A N/A,#N/A N/A,#N/A N/A,#N/A N/A,#N/A Invalid Security,#N/A N/A,#N/A N/A,#N/A N/A,#N/A N/A,#N/A N/A,#N/A N/A,#N/A N/A,#N/A N/A,#N/A N/A,#N/A N/A,#N/A N/A,#N/A N/A,#N/A N/A,#N/A N/A,#N/A N/A,#N/A N/A,#N/A N/A,#N/A N/A,#N/A N/A,AAA,AAA,#N/A N/A,#N/A N/A,#N/A N/A,#N/A N/A,#N/A N/A,#N/A N/A,#N/A N/A,#N/A N/A,#N/A N/A,#N/A N/A,#N/A N/A,#N/A N/A,#N/A N/A,#N/A N/A,#N/A N/A,#N/A N/A,#N/A N/A,#N/A N/A,#N/A N/A,#N/A N/A,#N/A N/A,#N/A N/A,#N/A N/A,#N/A N/A,#N/A N/A,#N/A Invalid Security,#N/A N/A,#N/A N/A,#N/A N/A,#N/A N/A,#N/A N/A,#N/A N/A,#N/A N/A,#N/A Invalid Security,#N/A N/A,#N/A N/A,#N/A N/A,#N/A N/A,#N/A N/A,#N/A N/A,#N/A N/A,#N/A Invalid Security,#N/A N/A,#N/A N/A,#N/A N/A,#N/A N/A,#N/A N/A,#N/A Invalid Security,#N/A N/A,#N/A N/A,#N/A N/A,#N/A N/A,#N/A N/A,#N/A N/A,#N/A N/A,#N/A N/A,#N/A N/A,#N/A N/A,#N/A N/A,#N/A Invalid Security,#N/A N/A,#N/A N/A,#N/A N/A,#N/A N/A,#N/A N/A,#N/A N/A,#N/A N/A,#N/A N/A,#N/A N/A,#N/A N/A,#N/A N/A,#N/A N/A,#N/A N/A,#N/A N/A,#N/A N/A,#N/A N/A,#N/A N/A,#N/A N/A,#N/A N/A,#N/A N/A,#N/A N/A,#N/A N/A,#N/A N/A,#N/A N/A,#N/A N/A
12/31/1978,#N/A N/A,#N/A N/A,#N/A N/A,#N/A N/A,#N/A N/A,#N/A N/A,#N/A N/A,#N/A N/A,#N/A N/A,#N/A N/A,#N/A N/A,#N/A N/A,#N/A N/A,#N/A N/A,#N/A N/A,#N/A Invalid Security,#N/A N/A,#N/A N/A,#N/A N/A,#N/A N/A,#N/A N/A,#N/A N/A,#N/A N/A,#N/A N/A,#N/A N/A,#N/A N/A,#N/A N/A,#N/A N/A,#N/A N/A,#N/A N/A,#N/A N/A,#N/A N/A,#N/A N/A,#N/A N/A,#N/A N/A,AAA,AAA,#N/A N/A,#N/A N/A,#N/A N/A,#N/A N/A,#N/A N/A,#N/A N/A,#N/A N/A,#N/A N/A,#N/A N/A,#N/A N/A,#N/A N/A,#N/A N/A,#N/A N/A,#N/A N/A,#N/A N/A,#N/A N/A,#N/A N/A,#N/A N/A,#N/A N/A,#N/A N/A,#N/A N/A,#N/A N/A,#N/A N/A,#N/A N/A,#N/A N/A,#N/A Invalid Security,#N/A N/A,#N/A N/A,#N/A N/A,#N/A N/A,#N/A N/A,#N/A N/A,#N/A N/A,#N/A Invalid Security,#N/A N/A,#N/A N/A,#N/A N/A,#N/A N/A,#N/A N/A,#N/A N/A,#N/A N/A,#N/A Invalid Security,#N/A N/A,#N/A N/A,#N/A N/A,#N/A N/A,#N/A N/A,#N/A Invalid Security,#N/A N/A,#N/A N/A,#N/A N/A,#N/A N/A,#N/A N/A,#N/A N/A,#N/A N/A,#N/A N/A,#N/A N/A,#N/A N/A,#N/A N/A,#N/A Invalid Security,#N/A N/A,#N/A N/A,#N/A N/A,#N/A N/A,#N/A N/A,#N/A N/A,#N/A N/A,#N/A N/A,#N/A N/A,#N/A N/A,#N/A N/A,#N/A N/A,#N/A N/A,#N/A N/A,#N/A N/A,#N/A N/A,#N/A N/A,#N/A N/A,#N/A N/A,#N/A N/A,#N/A N/A,#N/A N/A,#N/A N/A,#N/A N/A,#N/A N/A
12/31/1979,#N/A N/A,#N/A N/A,#N/A N/A,#N/A N/A,#N/A N/A,#N/A N/A,#N/A N/A,#N/A N/A,#N/A N/A,#N/A N/A,#N/A N/A,#N/A N/A,#N/A N/A,#N/A N/A,#N/A N/A,#N/A Invalid Security,#N/A N/A,#N/A N/A,#N/A N/A,#N/A N/A,#N/A N/A,#N/A N/A,#N/A N/A,#N/A N/A,#N/A N/A,#N/A N/A,#N/A N/A,#N/A N/A,#N/A N/A,#N/A N/A,#N/A N/A,#N/A N/A,#N/A N/A,#N/A N/A,#N/A N/A,AAA,AAA,#N/A N/A,#N/A N/A,#N/A N/A,#N/A N/A,#N/A N/A,#N/A N/A,#N/A N/A,#N/A N/A,#N/A N/A,#N/A N/A,#N/A N/A,#N/A N/A,#N/A N/A,#N/A N/A,#N/A N/A,#N/A N/A,#N/A N/A,#N/A N/A,#N/A N/A,#N/A N/A,#N/A N/A,#N/A N/A,#N/A N/A,#N/A N/A,#N/A N/A,#N/A Invalid Security,#N/A N/A,#N/A N/A,#N/A N/A,#N/A N/A,#N/A N/A,#N/A N/A,#N/A N/A,#N/A Invalid Security,#N/A N/A,#N/A N/A,#N/A N/A,#N/A N/A,#N/A N/A,#N/A N/A,#N/A N/A,#N/A Invalid Security,#N/A N/A,#N/A N/A,#N/A N/A,#N/A N/A,#N/A N/A,#N/A Invalid Security,#N/A N/A,#N/A N/A,#N/A N/A,#N/A N/A,#N/A N/A,#N/A N/A,#N/A N/A,#N/A N/A,#N/A N/A,#N/A N/A,#N/A N/A,#N/A Invalid Security,#N/A N/A,#N/A N/A,#N/A N/A,#N/A N/A,#N/A N/A,#N/A N/A,#N/A N/A,#N/A N/A,#N/A N/A,#N/A N/A,#N/A N/A,#N/A N/A,#N/A N/A,#N/A N/A,#N/A N/A,#N/A N/A,#N/A N/A,#N/A N/A,#N/A N/A,#N/A N/A,#N/A N/A,#N/A N/A,#N/A N/A,#N/A N/A,#N/A N/A
12/31/1980,#N/A N/A,#N/A N/A,#N/A N/A,#N/A N/A,#N/A N/A,#N/A N/A,#N/A N/A,#N/A N/A,#N/A N/A,#N/A N/A,#N/A N/A,#N/A N/A,#N/A N/A,#N/A N/A,#N/A N/A,#N/A Invalid Security,#N/A N/A,#N/A N/A,#N/A N/A,#N/A N/A,#N/A N/A,#N/A N/A,#N/A N/A,#N/A N/A,#N/A N/A,#N/A N/A,#N/A N/A,#N/A N/A,#N/A N/A,#N/A N/A,#N/A N/A,#N/A N/A,#N/A N/A,#N/A N/A,#N/A N/A,AAA,AAA,#N/A N/A,#N/A N/A,#N/A N/A,#N/A N/A,#N/A N/A,#N/A N/A,#N/A N/A,#N/A N/A,#N/A N/A,#N/A N/A,#N/A N/A,#N/A N/A,#N/A N/A,#N/A N/A,#N/A N/A,#N/A N/A,#N/A N/A,#N/A N/A,#N/A N/A,#N/A N/A,#N/A N/A,#N/A N/A,#N/A N/A,#N/A N/A,#N/A N/A,#N/A Invalid Security,#N/A N/A,#N/A N/A,#N/A N/A,#N/A N/A,#N/A N/A,#N/A N/A,#N/A N/A,#N/A Invalid Security,#N/A N/A,#N/A N/A,#N/A N/A,#N/A N/A,#N/A N/A,#N/A N/A,#N/A N/A,#N/A Invalid Security,#N/A N/A,#N/A N/A,#N/A N/A,#N/A N/A,#N/A N/A,#N/A Invalid Security,#N/A N/A,#N/A N/A,#N/A N/A,#N/A N/A,#N/A N/A,#N/A N/A,#N/A N/A,#N/A N/A,#N/A N/A,#N/A N/A,#N/A N/A,#N/A Invalid Security,#N/A N/A,#N/A N/A,#N/A N/A,#N/A N/A,#N/A N/A,#N/A N/A,#N/A N/A,#N/A N/A,#N/A N/A,#N/A N/A,#N/A N/A,#N/A N/A,#N/A N/A,#N/A N/A,#N/A N/A,#N/A N/A,#N/A N/A,#N/A N/A,#N/A N/A,#N/A N/A,#N/A N/A,#N/A N/A,#N/A N/A,#N/A N/A,#N/A N/A
12/31/1981,#N/A N/A,#N/A N/A,#N/A N/A,#N/A N/A,#N/A N/A,#N/A N/A,#N/A N/A,#N/A N/A,#N/A N/A,#N/A N/A,#N/A N/A,#N/A N/A,#N/A N/A,#N/A N/A,#N/A N/A,#N/A Invalid Security,#N/A N/A,#N/A N/A,#N/A N/A,#N/A N/A,#N/A N/A,#N/A N/A,#N/A N/A,#N/A N/A,#N/A N/A,#N/A N/A,#N/A N/A,#N/A N/A,#N/A N/A,#N/A N/A,#N/A N/A,#N/A N/A,#N/A N/A,#N/A N/A,#N/A N/A,AAA,AAA,#N/A N/A,#N/A N/A,#N/A N/A,#N/A N/A,#N/A N/A,#N/A N/A,#N/A N/A,#N/A N/A,#N/A N/A,#N/A N/A,#N/A N/A,#N/A N/A,#N/A N/A,#N/A N/A,#N/A N/A,#N/A N/A,#N/A N/A,#N/A N/A,#N/A N/A,#N/A N/A,#N/A N/A,#N/A N/A,#N/A N/A,#N/A N/A,#N/A N/A,#N/A Invalid Security,#N/A N/A,#N/A N/A,#N/A N/A,#N/A N/A,#N/A N/A,#N/A N/A,#N/A N/A,#N/A Invalid Security,#N/A N/A,#N/A N/A,#N/A N/A,#N/A N/A,#N/A N/A,#N/A N/A,#N/A N/A,#N/A Invalid Security,#N/A N/A,#N/A N/A,#N/A N/A,#N/A N/A,#N/A N/A,#N/A Invalid Security,#N/A N/A,#N/A N/A,#N/A N/A,#N/A N/A,#N/A N/A,#N/A N/A,#N/A N/A,#N/A N/A,#N/A N/A,#N/A N/A,#N/A N/A,#N/A Invalid Security,#N/A N/A,#N/A N/A,#N/A N/A,#N/A N/A,#N/A N/A,#N/A N/A,#N/A N/A,#N/A N/A,#N/A N/A,#N/A N/A,#N/A N/A,#N/A N/A,#N/A N/A,#N/A N/A,#N/A N/A,#N/A N/A,#N/A N/A,#N/A N/A,#N/A N/A,#N/A N/A,#N/A N/A,#N/A N/A,#N/A N/A,#N/A N/A,#N/A N/A
12/31/1982,#N/A N/A,#N/A N/A,#N/A N/A,#N/A N/A,#N/A N/A,#N/A N/A,#N/A N/A,#N/A N/A,#N/A N/A,#N/A N/A,#N/A N/A,#N/A N/A,#N/A N/A,#N/A N/A,#N/A N/A,#N/A Invalid Security,#N/A N/A,#N/A N/A,#N/A N/A,#N/A N/A,#N/A N/A,#N/A N/A,#N/A N/A,#N/A N/A,#N/A N/A,#N/A N/A,#N/A N/A,#N/A N/A,#N/A N/A,#N/A N/A,#N/A N/A,#N/A N/A,#N/A N/A,#N/A N/A,#N/A N/A,AAA,AAA,#N/A N/A,AAA,#N/A N/A,#N/A N/A,#N/A N/A,#N/A N/A,#N/A N/A,#N/A N/A,#N/A N/A,#N/A N/A,#N/A N/A,#N/A N/A,#N/A N/A,#N/A N/A,#N/A N/A,#N/A N/A,#N/A N/A,#N/A N/A,#N/A N/A,#N/A N/A,#N/A N/A,#N/A N/A,#N/A N/A,#N/A N/A,#N/A N/A,#N/A Invalid Security,#N/A N/A,#N/A N/A,#N/A N/A,#N/A N/A,#N/A N/A,#N/A N/A,#N/A N/A,#N/A Invalid Security,#N/A N/A,#N/A N/A,#N/A N/A,#N/A N/A,#N/A N/A,#N/A N/A,#N/A N/A,#N/A Invalid Security,#N/A N/A,#N/A N/A,#N/A N/A,#N/A N/A,#N/A N/A,#N/A Invalid Security,#N/A N/A,#N/A N/A,#N/A N/A,#N/A N/A,#N/A N/A,#N/A N/A,#N/A N/A,#N/A N/A,#N/A N/A,#N/A N/A,#N/A N/A,#N/A Invalid Security,#N/A N/A,#N/A N/A,#N/A N/A,#N/A N/A,#N/A N/A,#N/A N/A,#N/A N/A,#N/A N/A,#N/A N/A,#N/A N/A,#N/A N/A,#N/A N/A,#N/A N/A,#N/A N/A,#N/A N/A,#N/A N/A,#N/A N/A,#N/A N/A,#N/A N/A,#N/A N/A,#N/A N/A,#N/A N/A,#N/A N/A,#N/A N/A,#N/A N/A
12/31/1983,#N/A N/A,#N/A N/A,#N/A N/A,#N/A N/A,#N/A N/A,#N/A N/A,#N/A N/A,#N/A N/A,#N/A N/A,#N/A N/A,#N/A N/A,#N/A N/A,#N/A N/A,#N/A N/A,#N/A N/A,#N/A Invalid Security,#N/A N/A,#N/A N/A,#N/A N/A,#N/A N/A,#N/A N/A,#N/A N/A,#N/A N/A,#N/A N/A,#N/A N/A,#N/A N/A,#N/A N/A,#N/A N/A,#N/A N/A,#N/A N/A,#N/A N/A,#N/A N/A,#N/A N/A,#N/A N/A,#N/A N/A,AAA,AAA,#N/A N/A,AAA,#N/A N/A,#N/A N/A,AAA,#N/A N/A,#N/A N/A,#N/A N/A,#N/A N/A,#N/A N/A,#N/A N/A,#N/A N/A,#N/A N/A,#N/A N/A,#N/A N/A,#N/A N/A,#N/A N/A,#N/A N/A,#N/A N/A,#N/A N/A,#N/A N/A,#N/A N/A,#N/A N/A,#N/A N/A,#N/A N/A,#N/A Invalid Security,#N/A N/A,#N/A N/A,#N/A N/A,#N/A N/A,#N/A N/A,#N/A N/A,#N/A N/A,#N/A Invalid Security,#N/A N/A,#N/A N/A,#N/A N/A,#N/A N/A,#N/A N/A,#N/A N/A,#N/A N/A,#N/A Invalid Security,#N/A N/A,#N/A N/A,#N/A N/A,#N/A N/A,#N/A N/A,#N/A Invalid Security,#N/A N/A,#N/A N/A,#N/A N/A,#N/A N/A,#N/A N/A,#N/A N/A,#N/A N/A,#N/A N/A,#N/A N/A,#N/A N/A,#N/A N/A,#N/A Invalid Security,#N/A N/A,#N/A N/A,#N/A N/A,#N/A N/A,#N/A N/A,#N/A N/A,#N/A N/A,#N/A N/A,#N/A N/A,#N/A N/A,#N/A N/A,#N/A N/A,#N/A N/A,#N/A N/A,#N/A N/A,#N/A N/A,#N/A N/A,#N/A N/A,#N/A N/A,#N/A N/A,#N/A N/A,#N/A N/A,#N/A N/A,#N/A N/A,#N/A N/A
12/31/1984,#N/A N/A,#N/A N/A,#N/A N/A,#N/A N/A,#N/A N/A,#N/A N/A,#N/A N/A,#N/A N/A,#N/A N/A,#N/A N/A,#N/A N/A,#N/A N/A,#N/A N/A,#N/A N/A,#N/A N/A,#N/A Invalid Security,#N/A N/A,#N/A N/A,#N/A N/A,#N/A N/A,#N/A N/A,#N/A N/A,#N/A N/A,#N/A N/A,#N/A N/A,#N/A N/A,#N/A N/A,#N/A N/A,#N/A N/A,#N/A N/A,#N/A N/A,#N/A N/A,#N/A N/A,#N/A N/A,#N/A N/A,AAA,AAA,#N/A N/A,AAA,#N/A N/A,#N/A N/A,AAA,#N/A N/A,#N/A N/A,#N/A N/A,#N/A N/A,#N/A N/A,#N/A N/A,#N/A N/A,#N/A N/A,#N/A N/A,#N/A N/A,#N/A N/A,#N/A N/A,#N/A N/A,#N/A N/A,#N/A N/A,#N/A N/A,#N/A N/A,#N/A N/A,#N/A N/A,#N/A N/A,#N/A Invalid Security,#N/A N/A,#N/A N/A,#N/A N/A,#N/A N/A,#N/A N/A,#N/A N/A,#N/A N/A,#N/A Invalid Security,#N/A N/A,#N/A N/A,#N/A N/A,#N/A N/A,#N/A N/A,#N/A N/A,#N/A N/A,#N/A Invalid Security,#N/A N/A,#N/A N/A,#N/A N/A,#N/A N/A,#N/A N/A,#N/A Invalid Security,#N/A N/A,#N/A N/A,#N/A N/A,#N/A N/A,#N/A N/A,#N/A N/A,#N/A N/A,#N/A N/A,#N/A N/A,#N/A N/A,#N/A N/A,#N/A Invalid Security,#N/A N/A,#N/A N/A,#N/A N/A,#N/A N/A,#N/A N/A,#N/A N/A,#N/A N/A,#N/A N/A,#N/A N/A,#N/A N/A,#N/A N/A,#N/A N/A,#N/A N/A,#N/A N/A,#N/A N/A,#N/A N/A,#N/A N/A,#N/A N/A,#N/A N/A,#N/A N/A,#N/A N/A,#N/A N/A,#N/A N/A,#N/A N/A,#N/A N/A
12/31/1985,#N/A N/A,#N/A N/A,#N/A N/A,#N/A N/A,#N/A N/A,#N/A N/A,#N/A N/A,#N/A N/A,#N/A N/A,#N/A N/A,#N/A N/A,#N/A N/A,#N/A N/A,#N/A N/A,#N/A N/A,#N/A Invalid Security,#N/A N/A,#N/A N/A,#N/A N/A,#N/A N/A,#N/A N/A,#N/A N/A,#N/A N/A,#N/A N/A,#N/A N/A,#N/A N/A,#N/A N/A,#N/A N/A,#N/A N/A,#N/A N/A,#N/A N/A,#N/A N/A,#N/A N/A,#N/A N/A,#N/A N/A,AAA,AAA,#N/A N/A,AAA,#N/A N/A,#N/A N/A,AAA,#N/A N/A,#N/A N/A,#N/A N/A,#N/A N/A,#N/A N/A,#N/A N/A,#N/A N/A,#N/A N/A,#N/A N/A,#N/A N/A,#N/A N/A,#N/A N/A,#N/A N/A,#N/A N/A,#N/A N/A,#N/A N/A,#N/A N/A,#N/A N/A,#N/A N/A,#N/A N/A,#N/A Invalid Security,#N/A N/A,#N/A N/A,#N/A N/A,#N/A N/A,#N/A N/A,#N/A N/A,#N/A N/A,#N/A Invalid Security,#N/A N/A,#N/A N/A,#N/A N/A,#N/A N/A,#N/A N/A,#N/A N/A,#N/A N/A,#N/A Invalid Security,#N/A N/A,#N/A N/A,#N/A N/A,#N/A N/A,#N/A N/A,#N/A Invalid Security,#N/A N/A,#N/A N/A,#N/A N/A,#N/A N/A,#N/A N/A,#N/A N/A,#N/A N/A,#N/A N/A,#N/A N/A,#N/A N/A,#N/A N/A,#N/A Invalid Security,#N/A N/A,#N/A N/A,#N/A N/A,#N/A N/A,#N/A N/A,#N/A N/A,#N/A N/A,#N/A N/A,#N/A N/A,#N/A N/A,#N/A N/A,#N/A N/A,#N/A N/A,#N/A N/A,#N/A N/A,#N/A N/A,#N/A N/A,#N/A N/A,#N/A N/A,#N/A N/A,#N/A N/A,#N/A N/A,#N/A N/A,#N/A N/A,#N/A N/A
12/31/1986,#N/A N/A,#N/A N/A,#N/A N/A,#N/A N/A,#N/A N/A,#N/A N/A,#N/A N/A,#N/A N/A,#N/A N/A,#N/A N/A,#N/A N/A,#N/A N/A,#N/A N/A,#N/A N/A,#N/A N/A,#N/A Invalid Security,#N/A N/A,#N/A N/A,#N/A N/A,#N/A N/A,#N/A N/A,#N/A N/A,#N/A N/A,#N/A N/A,#N/A N/A,#N/A N/A,#N/A N/A,#N/A N/A,#N/A N/A,#N/A N/A,#N/A N/A,#N/A N/A,#N/A N/A,#N/A N/A,#N/A N/A,AAA,AAA,#N/A N/A,AAA,#N/A N/A,#N/A N/A,AAA,#N/A N/A,#N/A N/A,#N/A N/A,#N/A N/A,#N/A N/A,#N/A N/A,#N/A N/A,#N/A N/A,#N/A N/A,#N/A N/A,#N/A N/A,#N/A N/A,#N/A N/A,#N/A N/A,#N/A N/A,#N/A N/A,#N/A N/A,#N/A N/A,#N/A N/A,#N/A N/A,#N/A Invalid Security,#N/A N/A,#N/A N/A,#N/A N/A,#N/A N/A,#N/A N/A,#N/A N/A,#N/A N/A,#N/A Invalid Security,#N/A N/A,#N/A N/A,#N/A N/A,#N/A N/A,#N/A N/A,#N/A N/A,#N/A N/A,#N/A Invalid Security,#N/A N/A,#N/A N/A,#N/A N/A,#N/A N/A,#N/A N/A,#N/A Invalid Security,#N/A N/A,#N/A N/A,#N/A N/A,#N/A N/A,#N/A N/A,#N/A N/A,#N/A N/A,#N/A N/A,#N/A N/A,#N/A N/A,#N/A N/A,#N/A Invalid Security,#N/A N/A,#N/A N/A,#N/A N/A,#N/A N/A,#N/A N/A,#N/A N/A,#N/A N/A,#N/A N/A,#N/A N/A,#N/A N/A,#N/A N/A,#N/A N/A,#N/A N/A,#N/A N/A,#N/A N/A,#N/A N/A,#N/A N/A,#N/A N/A,#N/A N/A,#N/A N/A,#N/A N/A,#N/A N/A,#N/A N/A,#N/A N/A,#N/A N/A
12/31/1987,#N/A N/A,#N/A N/A,#N/A N/A,#N/A N/A,#N/A N/A,#N/A N/A,#N/A N/A,#N/A N/A,#N/A N/A,#N/A N/A,#N/A N/A,#N/A N/A,#N/A N/A,#N/A N/A,#N/A N/A,#N/A Invalid Security,#N/A N/A,#N/A N/A,#N/A N/A,#N/A N/A,#N/A N/A,#N/A N/A,#N/A N/A,#N/A N/A,#N/A N/A,#N/A N/A,#N/A N/A,#N/A N/A,#N/A N/A,#N/A N/A,#N/A N/A,#N/A N/A,#N/A N/A,#N/A N/A,#N/A N/A,AAA,AAA,#N/A N/A,AAA,#N/A N/A,#N/A N/A,AAA,#N/A N/A,#N/A N/A,#N/A N/A,#N/A N/A,#N/A N/A,#N/A N/A,#N/A N/A,#N/A N/A,#N/A N/A,#N/A N/A,#N/A N/A,#N/A N/A,#N/A N/A,#N/A N/A,#N/A N/A,#N/A N/A,#N/A N/A,#N/A N/A,#N/A N/A,#N/A N/A,#N/A Invalid Security,#N/A N/A,#N/A N/A,#N/A N/A,#N/A N/A,#N/A N/A,#N/A N/A,#N/A N/A,#N/A Invalid Security,#N/A N/A,#N/A N/A,#N/A N/A,#N/A N/A,#N/A N/A,#N/A N/A,#N/A N/A,#N/A Invalid Security,#N/A N/A,#N/A N/A,#N/A N/A,#N/A N/A,#N/A N/A,#N/A Invalid Security,#N/A N/A,#N/A N/A,#N/A N/A,#N/A N/A,#N/A N/A,#N/A N/A,#N/A N/A,#N/A N/A,#N/A N/A,#N/A N/A,#N/A N/A,#N/A Invalid Security,#N/A N/A,#N/A N/A,#N/A N/A,#N/A N/A,#N/A N/A,#N/A N/A,#N/A N/A,#N/A N/A,#N/A N/A,#N/A N/A,#N/A N/A,#N/A N/A,#N/A N/A,#N/A N/A,#N/A N/A,#N/A N/A,#N/A N/A,#N/A N/A,#N/A N/A,#N/A N/A,#N/A N/A,#N/A N/A,#N/A N/A,#N/A N/A,#N/A N/A
12/31/1988,#N/A N/A,#N/A N/A,#N/A N/A,#N/A N/A,#N/A N/A,#N/A N/A,#N/A N/A,#N/A N/A,#N/A N/A,#N/A N/A,#N/A N/A,#N/A N/A,#N/A N/A,#N/A N/A,#N/A N/A,#N/A Invalid Security,#N/A N/A,#N/A N/A,#N/A N/A,#N/A N/A,#N/A N/A,#N/A N/A,#N/A N/A,#N/A N/A,#N/A N/A,#N/A N/A,#N/A N/A,#N/A N/A,#N/A N/A,#N/A N/A,#N/A N/A,#N/A N/A,#N/A N/A,#N/A N/A,#N/A N/A,AAA,AAA,#N/A N/A,AAA,#N/A N/A,#N/A N/A,AAA,#N/A N/A,#N/A N/A,#N/A N/A,#N/A N/A,#N/A N/A,#N/A N/A,#N/A N/A,#N/A N/A,#N/A N/A,#N/A N/A,#N/A N/A,#N/A N/A,#N/A N/A,#N/A N/A,#N/A N/A,#N/A N/A,#N/A N/A,#N/A N/A,#N/A N/A,#N/A N/A,#N/A Invalid Security,#N/A N/A,#N/A N/A,#N/A N/A,#N/A N/A,#N/A N/A,#N/A N/A,#N/A N/A,#N/A Invalid Security,#N/A N/A,#N/A N/A,#N/A N/A,#N/A N/A,#N/A N/A,#N/A N/A,#N/A N/A,#N/A Invalid Security,#N/A N/A,#N/A N/A,#N/A N/A,#N/A N/A,#N/A N/A,#N/A Invalid Security,#N/A N/A,#N/A N/A,#N/A N/A,#N/A N/A,#N/A N/A,#N/A N/A,#N/A N/A,#N/A N/A,#N/A N/A,#N/A N/A,#N/A N/A,#N/A Invalid Security,#N/A N/A,#N/A N/A,#N/A N/A,#N/A N/A,#N/A N/A,#N/A N/A,#N/A N/A,#N/A N/A,#N/A N/A,#N/A N/A,#N/A N/A,#N/A N/A,#N/A N/A,#N/A N/A,#N/A N/A,#N/A N/A,#N/A N/A,#N/A N/A,#N/A N/A,#N/A N/A,#N/A N/A,#N/A N/A,#N/A N/A,#N/A N/A,#N/A N/A
12/31/1989,#N/A N/A,#N/A N/A,#N/A N/A,#N/A N/A,#N/A N/A,#N/A N/A,#N/A N/A,#N/A N/A,#N/A N/A,#N/A N/A,#N/A N/A,#N/A N/A,#N/A N/A,#N/A N/A,#N/A N/A,#N/A Invalid Security,#N/A N/A,#N/A N/A,#N/A N/A,#N/A N/A,#N/A N/A,#N/A N/A,#N/A N/A,#N/A N/A,#N/A N/A,#N/A N/A,#N/A N/A,#N/A N/A,#N/A N/A,#N/A N/A,#N/A N/A,#N/A N/A,#N/A N/A,#N/A N/A,#N/A N/A,AAA,AAA,#N/A N/A,AAA,#N/A N/A,#N/A N/A,AAA,#N/A N/A,#N/A N/A,#N/A N/A,#N/A N/A,#N/A N/A,#N/A N/A,#N/A N/A,#N/A N/A,#N/A N/A,#N/A N/A,#N/A N/A,#N/A N/A,#N/A N/A,#N/A N/A,#N/A N/A,#N/A N/A,#N/A N/A,#N/A N/A,#N/A N/A,#N/A N/A,#N/A Invalid Security,#N/A N/A,#N/A N/A,#N/A N/A,#N/A N/A,#N/A N/A,#N/A N/A,#N/A N/A,#N/A Invalid Security,#N/A N/A,#N/A N/A,#N/A N/A,#N/A N/A,#N/A N/A,#N/A N/A,#N/A N/A,#N/A Invalid Security,#N/A N/A,#N/A N/A,#N/A N/A,#N/A N/A,#N/A N/A,#N/A Invalid Security,#N/A N/A,#N/A N/A,#N/A N/A,#N/A N/A,#N/A N/A,#N/A N/A,#N/A N/A,#N/A N/A,#N/A N/A,#N/A N/A,#N/A N/A,#N/A Invalid Security,#N/A N/A,#N/A N/A,#N/A N/A,#N/A N/A,#N/A N/A,#N/A N/A,#N/A N/A,#N/A N/A,#N/A N/A,#N/A N/A,#N/A N/A,#N/A N/A,#N/A N/A,#N/A N/A,#N/A N/A,#N/A N/A,#N/A N/A,#N/A N/A,#N/A N/A,#N/A N/A,#N/A N/A,#N/A N/A,#N/A N/A,#N/A N/A,#N/A N/A
12/31/1990,#N/A N/A,#N/A N/A,#N/A N/A,#N/A N/A,#N/A N/A,#N/A N/A,#N/A N/A,#N/A N/A,#N/A N/A,#N/A N/A,#N/A N/A,#N/A N/A,#N/A N/A,#N/A N/A,#N/A N/A,#N/A Invalid Security,#N/A N/A,#N/A N/A,#N/A N/A,#N/A N/A,#N/A N/A,#N/A N/A,#N/A N/A,#N/A N/A,#N/A N/A,#N/A N/A,#N/A N/A,#N/A N/A,#N/A N/A,#N/A N/A,#N/A N/A,#N/A N/A,#N/A N/A,#N/A N/A,#N/A N/A,AAA,AAA,#N/A N/A,AAA,#N/A N/A,#N/A N/A,AAA,#N/A N/A,#N/A N/A,#N/A N/A,#N/A N/A,#N/A N/A,#N/A N/A,#N/A N/A,#N/A N/A,#N/A N/A,#N/A N/A,#N/A N/A,#N/A N/A,#N/A N/A,#N/A N/A,#N/A N/A,#N/A N/A,#N/A N/A,#N/A N/A,#N/A N/A,#N/A N/A,#N/A Invalid Security,#N/A N/A,#N/A N/A,#N/A N/A,#N/A N/A,#N/A N/A,#N/A N/A,#N/A N/A,#N/A Invalid Security,#N/A N/A,#N/A N/A,#N/A N/A,#N/A N/A,#N/A N/A,#N/A N/A,#N/A N/A,#N/A Invalid Security,#N/A N/A,#N/A N/A,#N/A N/A,#N/A N/A,#N/A N/A,#N/A Invalid Security,#N/A N/A,#N/A N/A,#N/A N/A,#N/A N/A,#N/A N/A,#N/A N/A,#N/A N/A,#N/A N/A,#N/A N/A,#N/A N/A,#N/A N/A,#N/A Invalid Security,#N/A N/A,#N/A N/A,#N/A N/A,#N/A N/A,#N/A N/A,#N/A N/A,#N/A N/A,#N/A N/A,#N/A N/A,#N/A N/A,#N/A N/A,#N/A N/A,#N/A N/A,#N/A N/A,#N/A N/A,#N/A N/A,#N/A N/A,#N/A N/A,#N/A N/A,#N/A N/A,#N/A N/A,#N/A N/A,#N/A N/A,#N/A N/A,#N/A N/A
12/31/1991,#N/A N/A,#N/A N/A,#N/A N/A,#N/A N/A,#N/A N/A,#N/A N/A,#N/A N/A,#N/A N/A,#N/A N/A,#N/A N/A,#N/A N/A,#N/A N/A,#N/A N/A,#N/A N/A,#N/A N/A,#N/A Invalid Security,#N/A N/A,#N/A N/A,#N/A N/A,#N/A N/A,#N/A N/A,#N/A N/A,#N/A N/A,#N/A N/A,#N/A N/A,#N/A N/A,#N/A N/A,#N/A N/A,#N/A N/A,#N/A N/A,#N/A N/A,#N/A N/A,#N/A N/A,#N/A N/A,#N/A N/A,AAA,AAA,#N/A N/A,AAA,#N/A N/A,#N/A N/A,AAA,#N/A N/A,#N/A N/A,#N/A N/A,#N/A N/A,#N/A N/A,#N/A N/A,#N/A N/A,#N/A N/A,#N/A N/A,#N/A N/A,#N/A N/A,#N/A N/A,#N/A N/A,#N/A N/A,#N/A N/A,#N/A N/A,#N/A N/A,#N/A N/A,#N/A N/A,#N/A N/A,#N/A Invalid Security,#N/A N/A,#N/A N/A,#N/A N/A,#N/A N/A,#N/A N/A,#N/A N/A,#N/A N/A,#N/A Invalid Security,#N/A N/A,#N/A N/A,#N/A N/A,#N/A N/A,#N/A N/A,#N/A N/A,#N/A N/A,#N/A Invalid Security,#N/A N/A,#N/A N/A,#N/A N/A,#N/A N/A,#N/A N/A,#N/A Invalid Security,#N/A N/A,#N/A N/A,#N/A N/A,#N/A N/A,#N/A N/A,#N/A N/A,#N/A N/A,#N/A N/A,#N/A N/A,#N/A N/A,#N/A N/A,#N/A Invalid Security,#N/A N/A,#N/A N/A,#N/A N/A,#N/A N/A,#N/A N/A,#N/A N/A,#N/A N/A,#N/A N/A,#N/A N/A,#N/A N/A,#N/A N/A,#N/A N/A,#N/A N/A,#N/A N/A,#N/A N/A,#N/A N/A,#N/A N/A,#N/A N/A,#N/A N/A,#N/A N/A,#N/A N/A,#N/A N/A,#N/A N/A,#N/A N/A,#N/A N/A
12/31/1992,#N/A N/A,#N/A N/A,#N/A N/A,#N/A N/A,AAA,#N/A N/A,#N/A N/A,#N/A N/A,#N/A N/A,#N/A N/A,#N/A N/A,#N/A N/A,AAA,#N/A N/A,#N/A N/A,#N/A Invalid Security,#N/A N/A,#N/A N/A,#N/A N/A,#N/A N/A,AAA,#N/A N/A,AA,BBB,#N/A N/A,#N/A N/A,#N/A N/A,#N/A N/A,#N/A N/A,AAAu,#N/A N/A,#N/A N/A,#N/A N/A,#N/A N/A,#N/A N/A,AAA,AAA,#N/A N/A,AAA,AAA,#N/A N/A,AAA,#N/A N/A,#N/A N/A,#N/A N/A,#N/A N/A,A+,#N/A N/A,#N/A N/A,#N/A N/A,#N/A N/A,#N/A N/A,#N/A N/A,#N/A N/A,#N/A N/A,#N/A N/A,#N/A N/A,AAA,#N/A N/A,#N/A N/A,#N/A N/A,#N/A N/A,#N/A Invalid Security,#N/A N/A,#N/A N/A,#N/A N/A,#N/A N/A,#N/A N/A,#N/A N/A,#N/A N/A,#N/A Invalid Security,#N/A N/A,AA-,#N/A N/A,#N/A N/A,#N/A N/A,#N/A N/A,#N/A N/A,#N/A Invalid Security,#N/A N/A,AAA,#N/A N/A,#N/A N/A,#N/A N/A,#N/A Invalid Security,#N/A N/A,#N/A N/A,#N/A N/A,#N/A N/A,#N/A N/A,#N/A N/A,#N/A N/A,#N/A N/A,#N/A N/A,#N/A N/A,#N/A N/A,#N/A Invalid Security,#N/A N/A,#N/A N/A,#N/A N/A,#N/A N/A,#N/A N/A,AAA,#N/A N/A,#N/A N/A,#N/A N/A,#N/A N/A,#N/A N/A,#N/A N/A,#N/A N/A,#N/A N/A,#N/A N/A,#N/A N/A,#N/A N/A,#N/A N/A,#N/A N/A,AAA,#N/A N/A,#N/A N/A,#N/A N/A,#N/A N/A,#N/A N/A
12/31/1993,#N/A N/A,#N/A N/A,#N/A N/A,#N/A N/A,AAA,#N/A N/A,#N/A N/A,#N/A N/A,#N/A N/A,#N/A N/A,#N/A N/A,#N/A N/A,AAA,#N/A N/A,#N/A N/A,#N/A Invalid Security,#N/A N/A,#N/A N/A,#N/A N/A,#N/A N/A,AAA,#N/A N/A,AA,BBB,#N/A N/A,#N/A N/A,#N/A N/A,#N/A N/A,#N/A N/A,AAAu,#N/A N/A,#N/A N/A,#N/A N/A,#N/A N/A,#N/A N/A,AAA,AAA,#N/A N/A,AAA,AAA,#N/A N/A,AAA,#N/A N/A,#N/A N/A,#N/A N/A,#N/A N/A,A+,#N/A N/A,#N/A N/A,#N/A N/A,#N/A N/A,#N/A N/A,#N/A N/A,#N/A N/A,#N/A N/A,#N/A N/A,#N/A N/A,AAA,#N/A N/A,#N/A N/A,#N/A N/A,#N/A N/A,#N/A Invalid Security,#N/A N/A,#N/A N/A,#N/A N/A,#N/A N/A,#N/A N/A,AA+,#N/A N/A,#N/A Invalid Security,#N/A N/A,AA-,#N/A N/A,#N/A N/A,#N/A N/A,#N/A N/A,#N/A N/A,#N/A Invalid Security,#N/A N/A,AAA,#N/A N/A,#N/A N/A,#N/A N/A,#N/A Invalid Security,#N/A N/A,#N/A N/A,#N/A N/A,#N/A N/A,#N/A N/A,#N/A N/A,AAA,#N/A N/A,#N/A N/A,#N/A N/A,#N/A N/A,#N/A Invalid Security,#N/A N/A,#N/A N/A,#N/A N/A,#N/A N/A,#N/A N/A,AAA,#N/A N/A,AAA,#N/A N/A,#N/A N/A,#N/A N/A,#N/A N/A,#N/A N/A,#N/A N/A,#N/A N/A,#N/A N/A,#N/A N/A,#N/A N/A,AAA,AAA,#N/A N/A,#N/A N/A,#N/A N/A,#N/A N/A,#N/A N/A
12/31/1994,#N/A N/A,#N/A N/A,BBB-,#N/A N/A,AAA,#N/A N/A,#N/A N/A,#N/A N/A,#N/A N/A,#N/A N/A,#N/A N/A,#N/A N/A,AAA,#N/A N/A,#N/A N/A,#N/A Invalid Security,#N/A N/A,#N/A N/A,#N/A N/A,#N/A N/A,AAA,#N/A N/A,AA,BBB,#N/A N/A,#N/A N/A,#N/A N/A,#N/A N/A,#N/A N/A,AAAu,#N/A N/A,#N/A N/A,#N/A N/A,#N/A N/A,#N/A N/A,AAA,AAA,#N/A N/A,AAA,AAA,#N/A N/A,AAA,#N/A N/A,#N/A N/A,#N/A N/A,#N/A N/A,A+,#N/A N/A,#N/A N/A,#N/A N/A,#N/A N/A,#N/A N/A,#N/A N/A,#N/A N/A,#N/A N/A,#N/A N/A,#N/A N/A,AAA,#N/A N/A,#N/A N/A,#N/A N/A,#N/A N/A,#N/A Invalid Security,#N/A N/A,#N/A N/A,#N/A N/A,AAA,#N/A N/A,AA+,#N/A N/A,#N/A Invalid Security,#N/A N/A,A+,#N/A N/A,#N/A N/A,#N/A N/A,#N/A N/A,#N/A N/A,#N/A Invalid Security,#N/A N/A,AAA,#N/A N/A,#N/A N/A,#N/A N/A,#N/A Invalid Security,#N/A N/A,#N/A N/A,#N/A N/A,#N/A N/A,BBB,#N/A N/A,AAA,#N/A N/A,#N/A N/A,#N/A N/A,#N/A N/A,#N/A Invalid Security,#N/A N/A,#N/A N/A,#N/A N/A,#N/A N/A,#N/A N/A,AAA,#N/A N/A,AAA,#N/A N/A,#N/A N/A,#N/A N/A,#N/A N/A,#N/A N/A,#N/A N/A,#N/A N/A,#N/A N/A,#N/A N/A,#N/A N/A,AAA,AAA,#N/A N/A,#N/A N/A,#N/A N/A,#N/A N/A,#N/A N/A
12/31/1995,#N/A N/A,#N/A N/A,BBB-,#N/A N/A,AAA,AAA,#N/A N/A,#N/A N/A,#N/A N/A,#N/A N/A,#N/A N/A,#N/A N/A,AAA,#N/A N/A,#N/A N/A,#N/A Invalid Security,#N/A N/A,#N/A N/A,#N/A N/A,#N/A N/A,AAA,#N/A N/A,AA,BBB,A+,#N/A N/A,#N/A N/A,#N/A N/A,#N/A N/A,AAAu,#N/A N/A,#N/A N/A,#N/A N/A,#N/A N/A,#N/A N/A,AAA,AAA,#N/A N/A,AAA,AAA,#N/A N/A,AAA,#N/A N/A,#N/A N/A,#N/A N/A,#N/A N/A,A+,#N/A N/A,#N/A N/A,#N/A N/A,#N/A N/A,#N/A N/A,#N/A N/A,AAA,#N/A N/A,AAA,#N/A N/A,AAA,BBB-,#N/A N/A,#N/A N/A,#N/A N/A,#N/A Invalid Security,#N/A N/A,#N/A N/A,#N/A N/A,AAA,#N/A N/A,AA+,#N/A N/A,#N/A Invalid Security,#N/A N/A,BBB+,#N/A N/A,#N/A N/A,#N/A N/A,#N/A N/A,#N/A N/A,#N/A Invalid Security,AAA,AAA,#N/A N/A,#N/A N/A,AAA,#N/A Invalid Security,#N/A N/A,#N/A N/A,BBB-,#N/A N/A,BBB+,#N/A N/A,AAA,#N/A N/A,#N/A N/A,#N/A N/A,#N/A N/A,#N/A Invalid Security,AAA,#N/A N/A,#N/A N/A,BBB+,#N/A N/A,AAA,#N/A N/A,AAA,AAA,#N/A N/A,#N/A N/A,#N/A N/A,#N/A N/A,#N/A N/A,#N/A N/A,#N/A N/A,#N/A N/A,#N/A N/A,AAA,AAA,BBB,#N/A N/A,#N/A N/A,#N/A N/A,#N/A N/A
12/31/1996,#N/A N/A,#N/A N/A,BBB-,#N/A N/A,AAA,AAA,#N/A N/A,#N/A N/A,#N/A N/A,#N/A N/A,#N/A N/A,#N/A N/A,AAA,#N/A N/A,#N/A N/A,#N/A Invalid Security,#N/A N/A,BB,#N/A N/A,#N/A N/A,AAA,#N/A N/A,AA,BBB,A+,#N/A N/A,#N/A N/A,AA+,#N/A N/A,AAAu,#N/A N/A,#N/A N/A,#N/A N/A,BBB+,#N/A N/A,AAA,AAA,#N/A N/A,AAA,AAA,#N/A N/A,AAA,#N/A N/A,#N/A N/A,#N/A N/A,#N/A N/A,A+,A-,AA+,BBB+,A+,#N/A N/A,#N/A N/A,AAA,AA-,AAA,#N/A N/A,AAA,BBB-,BB+,#N/A N/A,#N/A N/A,#N/A Invalid Security,#N/A N/A,#N/A N/A,#N/A N/A,AAA,#N/A N/A,AA+,#N/A N/A,#N/A Invalid Security,#N/A N/A,BBB+,#N/A N/A,#N/A N/A,#N/A N/A,#N/A N/A,#N/A N/A,#N/A Invalid Security,AAA,AAA,#N/A N/A,#N/A N/A,AAA,#N/A Invalid Security,#N/A N/A,#N/A N/A,BBB-,#N/A N/A,BBB+,A-,AAA,#N/A N/A,#N/A N/A,#N/A N/A,#N/A N/A,#N/A Invalid Security,AAA,A,AA,BBB+,#N/A N/A,AAA,#N/A N/A,AAA,AAA,#N/A N/A,#N/A N/A,AA,BBB+,#N/A N/A,#N/A N/A,#N/A N/A,#N/A N/A,#N/A N/A,AAA,AAA,BBB,#N/A N/A,#N/A N/A,#N/A N/A,#N/A N/A
12/31/1997,#N/A N/A,#N/A N/A,BBB-,#N/A N/A,AAA,AAA,#N/A N/A,#N/A N/A,#N/A N/A,#N/A N/A,#N/A N/A,#N/A N/A,AAA,#N/A N/A,#N/A N/A,#N/A Invalid Security,#N/A N/A,BB+,#N/A N/A,#N/A N/A,AAA,#N/A N/A,AA,BBB+,A+,BB+,A-,AA+,#N/A N/A,AAAu,BB,#N/A N/A,A- *-,BBB+,A-,AAA,AAA,#N/A N/A,AAA,AAA,#N/A N/A,AAA,#N/A N/A,A-,#N/A N/A,#N/A N/A,AA-,A-,AA+,BBB+,BBB+,#N/A N/A,#N/A N/A,AAA,AA-,AAA,#N/A N/A,AAA,BBB-,BB+,#N/A N/A,A+,#N/A Invalid Security,A-,BB,BBB+,AAA,#N/A N/A,AA,#N/A N/A,#N/A Invalid Security,#N/A N/A,BBB+,#N/A N/A,#N/A N/A,#N/A N/A,#N/A N/A,#N/A N/A,#N/A Invalid Security,AAA,AAA,#N/A N/A,#N/A N/A,AAA,#N/A Invalid Security,#N/A N/A,BB+,BBB-,BBB-,A-,A-,AAA,#N/A N/A,BBB-,#N/A N/A,#N/A N/A,#N/A Invalid Security,AAA,A,AA,BBB+,BBB-,AAA,#N/A N/A,AAA,AAA,#N/A N/A,#N/A N/A,A,BBB+,A,#N/A N/A,#N/A N/A,#N/A N/A,#N/A N/A,AAA,AAA,BBB+,#N/A N/A,#N/A N/A,#N/A N/A,#N/A N/A
12/31/1998,#N/A N/A,#N/A N/A,BBB-,#N/A N/A,AAA,AAA,#N/A N/A,#N/A N/A,#N/A N/A,#N/A N/A,#N/A N/A,#N/A N/A,AA+,#N/A N/A,BB+,#N/A Invalid Security,#N/A N/A,BB+,B,#N/A N/A,AAA,#N/A N/A,AA,BBB+,A,BB+,BBB+,AA,AA-,AAAu,BB,#N/A N/A,A- *-,BBB+,A-,AAA,AAA,#N/A N/A,AA,AAA,#N/A N/A,AAA,#N/A N/A,A-,#N/A N/A,#N/A N/A,A+,A,AA+,BBB,B-,#N/A N/A,#N/A N/A,AAA,AA-,AA,#N/A N/A,AAA,BBB-,BB-,#N/A N/A,A+,#N/A Invalid Security,A-,BB,BBB+,AAA,#N/A N/A,A-,#N/A N/A,#N/A Invalid Security,#N/A N/A,BBB+,#N/A N/A,#N/A N/A,BBB,#N/A N/A,#N/A N/A,#N/A Invalid Security,AAA,AAA,#N/A N/A,#N/A N/A,AAA,#N/A Invalid Security,#N/A N/A,BB+,BBB-,BBB-,BBB+,A-,AA,#N/A N/A,BB,#N/A N/A,#N/A N/A,#N/A Invalid Security,AAA,BBB+,AA,BBB+,BBB+,AA,#N/A N/A,AAA,AAA,AA+,#N/A N/A,A-,BBB+,A,#N/A N/A,#N/A N/A,#N/A N/A,#N/A N/A,AAA,AAA,BBB+,#N/A N/A,#N/A N/A,#N/A N/A,#N/A N/A
12/31/1999,#N/A N/A,#N/A N/A,BBB-,#N/A N/A,AAA,AAA,#N/A N/A,#N/A N/A,#N/A N/A,#N/A N/A,AA-,#N/A N/A,AA+,#N/A N/A,BB+,#N/A Invalid Security,#N/A N/A,BB-,B,#N/A N/A,AAA,#N/A N/A,AA,BBB,BBB+,BB+,BBB+,AA-,AA-,AAAu,SD,#N/A N/A,A- *-,BBB+,A-,AAA,AAA,#N/A N/A,AA+,AAA,#N/A N/A,AAA,#N/A N/A,A-,#N/A N/A,#N/A N/A,A+,A,AA+,BBB,B- *-,#N/A N/A,#N/A N/A,AAA,AA-,AA,B+,AAA,BBB-,BB-,#N/A N/A,A+,#N/A Invalid Security,A-,BB,BBB+,AAA,#N/A N/A,A,#N/A N/A,#N/A Invalid Security,#N/A N/A,BBB+,#N/A N/A,B,BBB,#N/A N/A,#N/A N/A,#N/A Invalid Security,AAA,AAA,#N/A N/A,#N/A N/A,AAA,#N/A Invalid Security,B+,BB+,BB-,BBB-,BBB+,A,AA,BBB+,B,CCC,#N/A N/A,#N/A Invalid Security,AAA,BBB+,AA,BBB+,A,AA+,#N/A N/A,AAA,AAA,AA+,#N/A N/A,A-,BBB+,A,#N/A N/A,#N/A N/A,#N/A N/A,#N/A N/A,AAA,AAA,BBB+,#N/A N/A,#N/A N/A,#N/A N/A,#N/A N/A
12/31/2000,#N/A N/A,#N/A N/A,BB,#N/A N/A,AAA,AAA,#N/A N/A,#N/A N/A,#N/A N/A,#N/A N/A,AA-,#N/A N/A,AA+,BB+,BB,#N/A Invalid Security,#N/A N/A,BB,BB-,#N/A N/A,AAA,#N/A N/A,AA,BBB,BBB,BB+,BBB+,AA-,AA-,AAAu,SD,B-,A- *-,BBB+,A-,AAA,AAA,#N/A N/A,AA+,AAA,#N/A N/A,AAA,#N/A N/A,A-,#N/A N/A,#N/A N/A,A+,A+,AA+,BBB,B,#N/A N/A,#N/A N/A,AAA,AA-,AA,B+,AAA,BBB-,BB,#N/A N/A,A+,#N/A Invalid Security,A-,BB-,BBB+,AAA,#N/A N/A,A,#N/A N/A,#N/A Invalid Security,#N/A N/A,BBB+,#N/A N/A,B,BBB,#N/A N/A,#N/A N/A,#N/A Invalid Security,AAA,AAA,#N/A N/A,#N/A N/A,AAA,#N/A Invalid Security,B+,BB+,BB-,BB+,BBB+,A+,AA,BBB+,B,B-,#N/A N/A,#N/A Invalid Security,AAA,BBB+,AA,A-,A,AA+,#N/A N/A,AAA,AAA,AA+,#N/A N/A,A-,BBB+,A,B+,#N/A N/A,#N/A N/A,#N/A N/A,AAA,AAA,BBB+,#N/A N/A,#N/A N/A,#N/A N/A,#N/A N/A
12/31/2001,#N/A N/A,#N/A N/A,SD,#N/A N/A,AAA,AAA,#N/A N/A,#N/A N/A,#N/A N/A,#N/A N/A,AA-,#N/A N/A,AA+,BB,BB,#N/A Invalid Security,A+,BB+,BB,#N/A N/A,AAA,#N/A N/A,AA,BBB,BBB,BB+,BBB+,AA-,AA-,AAAu,BB-,CCC+,BBB+,BB+,A-,AAA,AAA,#N/A N/A,AA+,AAA,#N/A N/A,AAA,#N/A N/A,A,BB+,#N/A N/A,AA-,A+,AA+,BBB-,B-,#N/A N/A,#N/A N/A,AAA,AA-,AA,BB-,AA,BBB-,BB+,#N/A N/A,A+,#N/A Invalid Security,A-,B,BBB+,AAA,#N/A N/A,A,#N/A N/A,#N/A Invalid Security,#N/A N/A,BBB+,#N/A N/A,B,BBB,#N/A N/A,#N/A N/A,#N/A Invalid Security,AAA,AAA,#N/A N/A,#N/A N/A,AAA,#N/A Invalid Security,B+,BB,BB-,BB+,BBB+,A+,AA,A-,B+,B+,#N/A N/A,#N/A Invalid Security,AAA,A-,AA,A-,A+,AA+,#N/A N/A,AAA,AAA,AA,#N/A N/A,A-,BBB+,A,B-,#N/A N/A,B,#N/A N/A,AAA,AAA,BBB+,#N/A N/A,#N/A N/A,#N/A N/A,#N/A N/A
12/31/2002,#N/A N/A,#N/A N/A,SD,#N/A N/A,AAA,AAA,#N/A N/A,#N/A N/A,A,#N/A N/A,AA-,#N/A N/A,AA+,BB-,B+,#N/A Invalid Security,A+,BB,BB+,#N/A N/A,AAA,#N/A N/A,AA,BBB,BBB,BB+,BBB+,AA-,A+,AAAu,BB-,CCC+,BBB,BB+,A-,AAA,AAA,#N/A N/A,AAA,AAA,#N/A N/A,AAA,#N/A N/A,A,BB+,#N/A N/A,AA-,A,AA+,BB+,B-,#N/A N/A,#N/A N/A,AAA,A+,AA,BB-,AA-,BBB-,BB+,#N/A N/A,A+,#N/A Invalid Security,A-,B-,BBB+,AAA,#N/A N/A,A+,#N/A N/A,#N/A Invalid Security,#N/A N/A,A-,#N/A N/A,B,BBB,#N/A N/A,#N/A N/A,#N/A Invalid Security,AAA,AAA,#N/A N/A,#N/A N/A,AAA,#N/A Invalid Security,BB-,BB,B,BB+,BBB+,A,AA,A,BB-,BB+,#N/A N/A,#N/A Invalid Security,AAA,A-,AA,A-,A+,AA+,#N/A N/A,AAA,AAA,AA-,#N/A N/A,A-,BBB+,A,B-,#N/A N/A,B,#N/A N/A,AAA,AAA,B-,#N/A N/A,BB,#N/A N/A,#N/A N/A
12/31/2003,#N/A N/A,#N/A N/A,SD,#N/A N/A,AAA,AAA,#N/A N/A,A-,A,#N/A N/A,A+,#N/A N/A,AA+,BB-,B-,#N/A Invalid Security,A+,BB,BBB-,#N/A N/A,AAA,#N/A N/A,AA,BBB,BBB,BB+,BBB+,A+,A+,AAAu,CCC,CCC+,BBB- *-,BB+,A-,AAA,AAA,#N/A N/A,AAA,AAA,#N/A N/A,AAA,B+,A+,BB,#N/A N/A,AA-,A,AA+,BB+,B+,#N/A N/A,#N/A N/A,AAA,A+,AA,B+,AA-,BBB,BBB-,#N/A N/A,A+,#N/A Invalid Security,A-,B-,A-,AAA,#N/A N/A,A+,#N/A N/A,#N/A Invalid Security,#N/A N/A,A-,#N/A N/A,B,BBB,#N/A N/A,#N/A N/A,#N/A Invalid Security,AAA,AAA,#N/A N/A,#N/A N/A,AAA,#N/A Invalid Security,BB-,BB,CCC *+,BB+,BBB,A-,AA,A+,BB+,BB+,A+,#N/A Invalid Security,AAA,A-,AA,A,A+,AA+,#N/A N/A,AAA,AAA,AA-,#N/A N/A,A,A-,A,B+,#N/A N/A,B,#N/A N/A,AAA,AAA,B-,B-,BB,#N/A N/A,#N/A N/A
12/31/2004,#N/A N/A,#N/A N/A,SD,#N/A N/A,AAA,AAA,#N/A N/A,A-,A,#N/A N/A,A-,#N/A N/A,AA+,B,B-,#N/A Invalid Security,A+,BB,BBB,#N/A N/A,AAA,#N/A N/A,AA,BBB+,BBB,BB+,BBB+,A,A,AAAu,CC,CCC+,BBB- *-,BB+,A,AAA,AAA,#N/A N/A,AAA,AAA,#N/A N/A,AAA,B+,A,BB,#N/A N/A,AA-,A,AA+,BB+,BB,#N/A N/A,#N/A N/A,AAA,A+,AA-,B,AA-,BBB,BBB,#N/A N/A,A+,#N/A Invalid Security,A-,B-,A-,AAA,#N/A N/A,A+,#N/A N/A,#N/A Invalid Security,#N/A N/A,A-,#N/A N/A,B,BBB,#N/A N/A,#N/A N/A,#N/A Invalid Security,AAA,AAA,#N/A N/A,#N/A N/A,AAA,#N/A Invalid Security,BB,BB,B-,BB+,BBB,A-,AA,A+,BBB-,BBB-,A+,#N/A Invalid Security,AAA,A-,AA,A,A+,AAA,#N/A N/A,AAA,AAA,AA-,#N/A N/A,A,A,A,BB,#N/A N/A,B+,#N/A N/A,AAA,AAA,B,B,BB,#N/A N/A,#N/A N/A
12/31/2005,#N/A N/A,#N/A N/A,B-,#N/A N/A,AAA,AAA,#N/A N/A,A-,A,#N/A N/A,A-,#N/A N/A,AA+,CCC+,B-,#N/A Invalid Security,A+,BB,BBB+,#N/A N/A,AAA,#N/A N/A,AA,A-,BBB,BB+,BBB+,A,A,AAAu,B,CCC+,BBB- *-,BB+,A,AAA,AAA,#N/A N/A,AAA,AAA,B+,AAA,B+,A,BB,#N/A N/A,AA-,A-,AA+,BB+,BB,#N/A N/A,#N/A N/A,AAA,A+,AA-,B,AA-,BBB,BBB,#N/A N/A,A+,#N/A Invalid Security,A-,B-,A,AAA,BBB-,A+,#N/A N/A,#N/A Invalid Security,#N/A N/A,A,#N/A N/A,B,BBB,#N/A N/A,#N/A N/A,#N/A Invalid Security,AAA,AAA,#N/A N/A,#N/A N/A,AAA,#N/A Invalid Security,BB,BB,B-,BB+,BB+,A-,AA-,A+,BBB,BBB+,A+,#N/A Invalid Security,AAA,A,AA,A+,A+,AAA,BB-,AAA,AAA,AA-,#N/A N/A,A,A+,A,BB,#N/A N/A,BB,#N/A N/A,AAA,AAA,B,B+,BB,#N/A N/A,#N/A N/A
12/31/2006,#N/A N/A,#N/A N/A,B+,#N/A N/A,AAA,AAA,#N/A N/A,A-,A,#N/A N/A,A-,#N/A N/A,AA+,CCC+,B-,#N/A Invalid Security,A+,BB+,BBB+,#N/A N/A,AAA,#N/A N/A,AA,A,BBB,BB+,BBB+,A,A,AAAu,B,CCC+,BBB- *-,BB+,A,AAA,AAA,BB- *-,AAA,AAA,B+,AAA,B+,A,BB+,#N/A N/A,AA,BBB+,AA,BB+,BB+,#N/A N/A,#N/A N/A,AAA,A+,A+,B,AA-,BBB,BBB+,BB-,A+,#N/A Invalid Security,A-,B-,A,AAA,BBB-,A+,#N/A N/A,#N/A Invalid Security,#N/A N/A,A,#N/A N/A,B+,BBB,#N/A N/A,#N/A N/A,#N/A Invalid Security,AAA,AAA,#N/A N/A,BB,AAA,#N/A Invalid Security,BB,BB,B-,BBB-,BB+,A-,AA-,A+,BBB,A-,A+,#N/A Invalid Security,AAA,A,AA,A+,A+,AAA,BB-,AAA,AAA,AA-,#N/A N/A,A,A+,A,BB,#N/A N/A,BB,#N/A N/A,AAA,AAA,B+,BB-,BB+,#N/A N/A,#N/A N/A
12/31/2007,#N/A N/A,#N/A N/A,B+,#N/A N/A,AAA,AAA,#N/A N/A,A-,A,#N/A N/A,A-,BB,AA+,B,B-,#N/A Invalid Security,A+,BBB,BBB+,B+,AAA,#N/A N/A,AA,A,BBB+,BB+,BBB+,A,A+,AAAu,B+,B-,BBB- *-,BB+,A,AAA,AAA,B+,AAA,AAA,B+,AAA,B+,A,BB+,#N/A N/A,AA,BBB+,AA,BBB-,BB+,#N/A N/A,#N/A N/A,AAA,AA-,A+,B,AA,BBB,BBB,BB-,AA-,#N/A Invalid Security,BBB+,B- *-,A,AAA,BBB-,A+,#N/A N/A,#N/A Invalid Security,#N/A N/A,A+,#N/A N/A,BB-,BBB,#N/A N/A,#N/A N/A,#N/A Invalid Security,AAA,AAA,#N/A N/A,BB,AAA,#N/A Invalid Security,BB,BB,B,BBB-,BB+,A,AA-,AA-,BBB,A-,AA-,#N/A Invalid Security,AAA,A,AA,A+,A+,AAA,BB-,AAA,AAA,AA-,#N/A N/A,A,A+,A,BB,#N/A N/A,BB,#N/A N/A,AAA,AAA,B+,BB-,BB+,#N/A N/A,#N/A N/A
12/31/2008,#N/A N/A,#N/A N/A,B-,#N/A N/A,AAA,AAA,BB+,A-,A,#N/A N/A,A-,BB,AA+,B,B-,#N/A Invalid Security,A+,BBB+,BBB,B+,AAA,B+,AA,A+,BBB+,BB+,BBB+,A+,A+,AAAu,B,SD,BBB- *-,BB+,A,AAA,AAA,B+,AAA,AAA,B,AAA,B+,A,BB+,B+,AA+,BBB,BBB+,BBB-,BB+,#N/A N/A,#N/A N/A,AAA,AA-,A+,B,AA,BBB,BBB,B,AA-,#N/A Invalid Security,BBB- *-,B-,BBB+,AAA,BBB-,A+,#N/A N/A,#N/A Invalid Security,#N/A N/A,A+,#N/A N/A,BB-,BBB,#N/A N/A,#N/A N/A,#N/A Invalid Security,AAA,AAA,#N/A N/A,BB,AAA,#N/A Invalid Security,CCC+,BB+,B,BBB+,BB+,A,AA-,AA-,BBB-,BBB+,AA-,#N/A Invalid Security,AAA,A+,AA,A+,A+,AAA,B+,AAA,AAA,AA-,#N/A N/A,A,A+,A,BB,B+,B+,#N/A N/A,AAA,AAA,BB-,BB-,BB+,#N/A N/A,#N/A N/A
12/31/2009,#N/A N/A,#N/A N/A,B-,#N/A N/A,AAA,AAA,BB+,BBB+,A,#N/A N/A,BBB+,BB,AA+,B,B-,#N/A Invalid Security,A+,BBB+,BBB,B+,AAA,B+,AA,A+,BBB+,BB+,BBB,A+,A+,AAAu,B,CCC+,BBB- *-,BB,A-,AAA,AAA,B,AAA,AAA,B,AAA,B+,BBB+ *-,BB+,B,AA+,BBB-,BBB+,BBB-,BB+,#N/A N/A,#N/A N/A,AA,AA-,A+,CCC,AA,BBB,BBB,B,AA-,#N/A Invalid Security,BB,B,BBB,AAA,BB+,A+,#N/A N/A,#N/A Invalid Security,#N/A N/A,A,#N/A N/A,BB-,BBB,#N/A N/A,#N/A N/A,#N/A Invalid Security,AAA,AAA,#N/A N/A,B+,AAA,#N/A Invalid Security,B-,BB+,B,BBB+,BB+,A,A+,AA-,BBB-,BBB+,AA-,#N/A Invalid Security,AAA,A+,AA,A+,A+,AA+,B+,AAA,AAA,AA-,#N/A N/A,A-,A+,A-,BB,B+,B-,#N/A N/A,AAA,AAA,BB-,BB-,BB+,#N/A N/A,#N/A N/A
12/31/2010,#N/A N/A,B+,B,#N/A N/A,AAA,AAA,BB+,BBB+,A,BB-,BBB-,BB,AA+,B,B,#N/A Invalid Security,A,BBB+,BBB,B+,AAA,B+,AA,AA-,BBB+,BB+,BBB-,A,A+,AAAu,B,B-,BBB- *-,BB,A,AAA,AAA,B,AAA,AAA,B+,AAA,B,BB+ *-,BB+,B,AAA,BBB-,BBB,BBB-,BB+,#N/A N/A,#N/A N/A,A *-,AA-,A+,B-,AA,BBB-,BBB+,B+,AA-,#N/A Invalid Security,BB+,B,BBB,AAA,BB+,A+,#N/A N/A,#N/A Invalid Security,#N/A N/A,A,#N/A N/A,BB-,BBB+,#N/A N/A,#N/A N/A,#N/A Invalid Security,AAA,AAA,#N/A N/A,B+,AAA,#N/A Invalid Security,B-,BBB-,B+,BBB+,BB+,A,A- *-,AA,BBB-,BBB+,AA-,#N/A Invalid Security,AAA,A+,AA,A+,A+,AA,BB-,AAA,AAA,AA-,#N/A N/A,A-,A+,A-,BB+,B+,BB-,#N/A N/A,AAA,AAA,BB,BB-,BB,#N/A N/A,#N/A N/A
12/31/2011,#N/A N/A,BB-,Bu,#N/A N/A,AAAu,AAA *-,BBB-,BBB,BBB,BB-,BBB-,B-,AAu *-,B-,B+,#N/A Invalid Security,A-,A-,BBB,Bu,AAA,B+,AA,AA-,BBB+,BB+,BBB-,BBB *-,AA,AAAu,B+,B-,B+,BB-,AA- *-,AAA *-,AAA *-,B,AAA *-,AAAu *-,BB-,AAAu *-,B,CC,BB+,B,AAA,BB+,BBB-,BBB-u,BB+,#N/A N/A,#N/A N/A,BBB+ *-,AA-,Au *-,B-,AA-u,BB,BBB+,B+,AA,#N/A Invalid Security,BB+,B,BBB,AAA *-,BB,A,#N/A N/A,#N/A Invalid Security,#N/A N/A,A-,#N/A N/A,BB-,BBB,#N/A N/A,#N/A N/A,#N/A Invalid Security,AAAu *-,AA+,#N/A N/A,B+,AAA,#N/A Invalid Security,B-,BBB-,BB-,BBB+,BB+,A,BBB- *-,AA,BB+,BBB+,AA-,#N/A Invalid Security,AAAu,A+ *-,AA- *-,A,A+,AA- *-,BB-,AAA,AAAu,AA-u,#N/A N/A,A-,A,BBB,BBB-,B+,B+,#N/A N/A,AAAu,AA+u,BB+,B+,BB-,B+,#N/A N/A
12/31/2012,#N/A N/A,BB-,B-u,#N/A N/A,AAAu,AA+,BBB-,BBB,BBB,BB-,BB+,B-,AAu,CCC+,BB-,#N/A Invalid Security,A-,A-,BBB,Bu,AAA,B+,AA+,AA-,BBB+,BB,BB+,CCC+,AA,AAAu,B+,B,B-,BB-,AA-,AAA,AAA,B,AAA,AA+u,BB-,AAAu,B,B-,BB+,B+,AAA,BB,BBB-,BBB-u,BB+,#N/A N/A,#N/A N/A,BBB+,AA-,BBB+u,B-,AA-u,BB,BBB+,B+,AA,#N/A Invalid Security,BBB,B,BBB,AAA,BB,A,#N/A N/A,#N/A Invalid Security,#N/A N/A,A-,#N/A N/A,BB-,BBB,#N/A N/A,#N/A N/A,#N/A Invalid Security,AAAu,AA+,#N/A N/A,BB-,AAA,#N/A Invalid Security,B-,BBB,BB-,BBB+,BB+,A,BB,AA,BB+,BBB+,AA-,#N/A Invalid Security,AAAu,A,A *-,A-,AA-,BBB-,B+,AAA,AAAu,AA-u,#N/A N/A,A-,A,BB,BBB-,B+,B,#N/A N/A,AAAu,AA+u,BBB-,B+,BB-,B+,#N/A N/A
12/31/2013,#N/A N/A,BB-,CCC+u,#N/A N/A,AAAu,AA+,BBB-,BBB,BBB,BB-,BB-,B-,AAu,B-,BB-,#N/A Invalid Security,A-,A-,BBB,Bu,AAA,B,AA+,AA-,BBB+,BB,BB+,B-,AA,AAAu,B+,B,B-,BB-,AA-,AA+,AA+,B,AAA,AAu,BB-,AAAu,B,B-,BB+,B,AAA,BB,BBB-,BBB-u,BB+,#N/A N/A,#N/A N/A,BBB+,A+,BBBu,B-,AA-u,BB-,BBB+,B+,AA,#N/A Invalid Security,BBB+,B-,BBB,AAA,BB-,A,#N/A N/A,#N/A Invalid Security,#N/A N/A,A,#N/A N/A,BB-,BBB-,#N/A N/A,#N/A N/A,#N/A Invalid Security,AA+u,AA+,#N/A N/A,BB-,AAA,#N/A Invalid Security,B-,BBB,BB-,A-,BBB-,A,BB *-,AA,BB+,BBB+,AA-,#N/A Invalid Security,AAAu,A,A-,A-,AA-,BBB-,B+,AAA,AAAu,AA-u,#N/A N/A,A-,A,NR,BBBu,B+,B-,#N/A N/A,AAAu,AA+u,BBB-,B-,BB-,B+,#N/A N/A
12/31/2014,#N/A N/A,BB-,CCC+u,#N/A N/A,AAAu,AA+,BBB-,BBB,BBB,BB-,B,B-,AAu,B-,BB,#N/A Invalid Security,A-,BBB+,BB+,NR,AAA,B,AA+,AA-,BBB+,BB,BB,B+,AA,AAAu,B+,B+,B-,B+,AA-,AA+,AA+,B,AA+,AAu,BB-,AAAu,B-,B,BB+,B,AAA,BB,BBB-,BBB-u,BB+,#N/A N/A,#N/A N/A,A,A+,BBB-u,B-,AA-u,BB-,BBB+,B+,AA,#N/A Invalid Security,A-,B-,A-,AAA,BB-,A,#N/A N/A,#N/A Invalid Security,#N/A N/A,A,#N/A N/A,B+,BBB-,#N/A N/A,#N/A N/A,#N/A Invalid Security,AA+u,AA+,#N/A N/A,BB-,AAA,#N/A Invalid Security,B-,BBB,BB,A-,BBB,A,BBu,AA,BBB-,BBB *-,AA-,#N/A Invalid Security,AAAu,A,A-,BBB+,AA-,BBB,B+,AAAu,AAAu,AA-u,#N/A N/A,A-,A,NR,BBBu,B,CCC+,#N/A N/A,AAAu,AA+u,BBB-,CCC+,BB-,B+,#N/A N/A
12/31/2015,#N/A N/A,B+,CCC+u,#N/A N/A,AAAu,AA+,BBB-,BBB-,BBB-,BB-,B,B-,AAu,B-,BB,#N/A Invalid Security,A-,BBB-,BB+,NR,AAA,B,AA,AA-,BBB+,BB,BB,BB-,AA,AAAu,BB-,B,B-,B+,AA-,AA+,AA+,B+,AA+,AAu,BB-,AAAu,B-,CCC+,BB+,B+,AAA,BB+,BBB,BBB-u,BB+,#N/A N/A,B-,A+,A+,BBB-u,B,A+u,BB-,BBB,B+,AA,#N/A Invalid Security,A-,B-,A-,AAA,BB-,A,#N/A N/A,#N/A Invalid Security,#N/A N/A,A,#N/A N/A,B,BBB-,#N/A N/A,#N/A N/A,#N/A Invalid Security,AAAu,AA+,#N/A N/A,B+,AAA,#N/A Invalid Security,B-,BBB,BB,A-,BBB,A,BB+u,AA,BBB-,BBB-,A+u,#N/A Invalid Security,AAAu,A+,A-,BBB+,AA-,BBB+,B+,AAAu,AAAu,AA-u,#N/A N/A,A-,A,NR,BBB-u,B,B-,#N/A N/A,AAAu,AA+u,BBB,CCC,BB-,B,#N/A N/A
12/31/2016,#N/A N/A,B,B-,#N/A N/A,AAAu,AA+,BB+,BB+,BB-,BB-,B-,B-,AAu,CC,BB,#N/A Invalid Security,A-,BB,BB+,NR,AAA,B,AA,AA-,BBB+,BB-,BB,BB,AA,AAAu,BB-,B,B-,B-,AA-,AA,AA,B+,AA+,AAu,BB-,AAAu,B-,B-,BB+,B+,AAA,BBB-,BBB+,BBB-u,BB+,#N/A N/A,B-,A+,A+,BBB-u,B,A+u,BB-,BBB-,B+,AA,#N/A Invalid Security,A-,B-,A-,AAA,BB-,A,#N/A N/A,#N/A Invalid Security,#N/A N/A,A,#N/A N/A,B-,BBB-,#N/A N/A,#N/A N/A,#N/A Invalid Security,AAAu,AA+,B+,B,AAA,#N/A Invalid Security,B,BBB,BB,A-,BBB,A-,BB+u,AA,BBB-,BBB-,A-u,#N/A Invalid Security,AAAu,A+,A,BBB,AA,BBB+,B+,AAAu,AAAu,AA-u,#N/A N/A,A-,A-,NR,BB+u,B,B-,#N/A N/A,AAu,AA+u,BBB,CCC,BB-,B,#N/A N/A
12/31/2017,#N/A N/A,B-,B+,#N/A N/A,AAAu,AA+,BB+,BB+,B+,BB-,CCC,B,AAu,B-,BB,#N/A Invalid Security,A-,BB,BBB-,NR,AAA,B,AA-,A+,BBB,BB-,BB,BB+,AA,AAAu,BB-,B-,B-,CCC+,AA-,AA,AA,B+,AA+,AAu,BB-,AAAu,B-,B-,BB,BB-,AA+,BBB-,A,BBB-u,BBB-,#N/A N/A,B-,A+,A+,BBBu,B,A+u,B+,BBB-,B+,AA,#N/A Invalid Security,A-,B-,A-,AAA,BB-,A,#N/A N/A,#N/A Invalid Security,#N/A N/A,A-,#N/A N/A,B-,BBB-,#N/A N/A,#N/A N/A,#N/A Invalid Security,AAAu,AA+,B+,B,AAA,#N/A Invalid Security,B,BBB,BB,A-,BBB,A-,BBB-u,AA-,BBB-,BBB-,A-u,#N/A Invalid Security,AAAu,A+,A+,BB+,AA,BBB+,B+,AAAu,AAAu,AA-u,#N/A N/A,A-,BBB+,NR,BB+u,B,B-,#N/A N/A,AAu,AA+u,BBB,CCC- *-,BB-,B,#N/A N/A
12/31/2018,#N/A N/A,B-,B,#N/A N/A,AAAu,AA+,BB+,BB+,B+,BB-,B-,B,AAu,B-,BB-,#N/A Invalid Security,A-,BB-,BBB-,NR,AAA,B,AA-,A+,BBB,B+,BB+,BBB-,AA,AAAu,BB-,B-,B,B-,AA-,AA,AA,B+,AA+,AAu,BB-,AAAu,B,B+,BB,BB-,AA+,BBB-,A,BBB-u,BBB-,#N/A N/A,B-,A+,AA-,BBBu,B,A+u,B+,BBB-,B+,AA,#N/A Invalid Security,A,B-,A,AAA,BB-,A,#N/A N/A,#N/A Invalid Security,#N/A N/A,A-,#N/A N/A,B,BBB-,#N/A N/A,#N/A N/A,#N/A Invalid Security,AAAu,AA+,B-,B,AAA,#N/A Invalid Security,B,BBB,BB,A-,BBB,A,BBB-u,AA-,BBB-,BBB,A-u,#N/A Invalid Security,AAAu,A+,A+,BB+,AA,A-u,B,AAAu,AAAu,AA-u,#N/A N/A,A-,BBB+,NR,BB-u,B,B-,#N/A N/A,AAu,AA+u,BBB,CCC-,BB-,B-,#N/A N/A
12/31/2019,#N/A N/A,B-,CC,#N/A N/A,AAAu,AA+,BB+,BB+,B+,BB-,B-,B,AAu,B-,BB-,#N/A Invalid Security,A-,BB-,BBB,NR,AAA,B,AA-,A+,BBB,B+,BBB-,BBB-,AA,AAAu,BB-,B-,B,B-,AA-,AA,AA,BB-,AA+,AAu,BB,AAAu,B,BB-,BB,BB-,AA+,BBB,A,BBB-u,BBB,#N/A N/A,B-,AA-,AA-,BBBu,B+,A+u,B+,BBB-,B+,AA,#N/A Invalid Security,A,CCC,A,AAA,BB-,A,#N/A N/A,#N/A Invalid Security,#N/A N/A,A-,#N/A N/A,B,BBB-,#N/A N/A,#N/A N/A,#N/A Invalid Security,AAAu,AA+,B-,B,AAA,#N/A Invalid Security,B-,BBB+,BB,A-,BBB+,A,BBBu,AA-,BBB-,BBB,A-u,#N/A Invalid Security,AAAu,A+,AA-,BB+,AA,Au,B,AAAu,AAAu,AA-u,#N/A N/A,A-,BBB,NR,BB-u,B,B,#N/A N/A,AAu,AA+u,BBB,CCC-,BB,CCC+,#N/A N/A
12/31/2020,#N/A N/A,CCC+,CCC+,#N/A N/A,AAAu,AA+,BB+,BB-,B+,BB-,B-,B,AAu,CCC+,B+,#N/A Invalid Security,BBB+,BB-,BBB,NR,AAA,B,AA-,A+,BBB,B,BBB-,BBB-,AA,AAAu,BB-,B-,B,B-,AA-,AA,AA,BB-,AA+,AAu,BB,AAAu,B-,BB-,BB,BB-,AA+,BBB,A,BBB-u,BBB,#N/A N/A,B-,AA-,AA-,BBBu,B+,A+u,B+,BBB-,B+,AA-,#N/A Invalid Security,A+,CC,A+,AAA,BB-,A,#N/A N/A,#N/A Invalid Security,#N/A N/A,BBB+,#N/A N/A,B,BBB-,#N/A N/A,#N/A N/A,#N/A Invalid Security,AAAu,AA+,B-,B-,AAA,#N/A Invalid Security,B-,BBB,BB,A-,BBB+,A,BBBu,AA-,BBB-,BBB,A-u,#N/A Invalid Security,AAAu,A+,AA-,BB,AA,Au,CCC+,AAAu,AAAu,AA-u,#N/A N/A,A-,BBB-,NR,BB-u,B,B,#N/A N/A,AAu,AA+u,BBB,CCC-,BB,CCC-,#N/A N/A
12/31/2021,#N/A N/A,CCC+,CCC+,B+,AAAu,AA+,BB+,B+,B+,BB-,B-,B,AAu,B-,B+,#N/A Invalid Security,BBB+,BB-,BBB,NR,AAA,B-,A+,A+,BBB-,B,BBB-,BBB-,AA,AAAu,BB-,B-,B,B-,AA-,AA,AA,B+,AA+,AAu,BB,AAAu,B-,BB,BB,BB-,AA+,BBB,A,BBB-u,BBB,#N/A N/A,B-,AA-,AA-,BBBu,B+,A+u,B+,BBB-,B,A+,#N/A Invalid Security,A+,CC,A+,AAA,BB-,A,#N/A N/A,#N/A Invalid Security,#N/A N/A,BBB+,#N/A N/A,B,BB+,#N/A N/A,#N/A N/A,#N/A Invalid Security,AAAu,AAA,B-,B-,AAA,#N/A Invalid Security,B-,BBB,BB,A-,BBB+,A,BBBu,AA-,BBB-,BBB,A-u,#N/A Invalid Security,AAAu,A+,AA-,BB,AA,Au,CCC+,AAAu,AAAu,AAu,#N/A N/A,A-,BBB-,NR,BB-u,B,B,#N/A N/A,AAu,AA+u,BBB,NR,BB,CCC-,#N/A N/A
12/31/2022,#N/A N/A,B-,CCC-,B+,AAAu,AA+,BB+,B+,B+,BB-,B-,CCC,AAu,B-,B,#N/A Invalid Security,BBB+,BB-,BBB,NR,AAA,B-,A+,A+,BBB-,B,BBB+,BBB,AA,AAAu,BB,B-,B,CCC+,AA-,AA+,AA+,B+,AA+,AAu,BB,AAAu,SD,BB+,BB,BB-,AA+,BBB,A,BBB-u,BBB,#N/A N/A,B-,AA-,AA-,BBBu,B+,A+u,B+,BBB-,B,A+,#N/A Invalid Security,A+,CC,A+,AAA,BB-,A,#N/A N/A,#N/A Invalid Security,#N/A N/A,BBB+,#N/A N/A,B,BB+,#N/A N/A,#N/A N/A,#N/A Invalid Security,AAAu,AAA,B,B-,AAA,#N/A Invalid Security,CCC+,BBB,BB,BBB+,BBB+,A,BBB+u,AA,BBB-,NR,A-u,#N/A Invalid Security,AAAu,A+,AA-,BB,AA,Au,CCC-,AAAu,AAAu,AA+u,#N/A N/A,A-,BBB-,NR,Bu,B,CCC+,#N/A N/A,AAu,AA+u,BBB,NR,BB+,CCC+,#N/A N/A
,,,,,,,,,,,,,,,,,,,,,,,,,,,,,,,,,,,,,,,,,,,,,,,,,,,,,,,,,,,,,,,,,,,,,,,,,,,,,,,,,,,,,,,,,,,,,,,,,,,,,,,,,,,,,,,,,,,,,,,,,,
,,,,,,,,,,,,,,,,,,,,,,,,,,,,,,,,,,,,,,,,,,,,,,,,,,,,,,,,,,,,,,,,,,,,,,,,,,,,,,,,,,,,,,,,,,,,,,,,,,,,,,,,,,,,,,,,,,,,,,,,,,
,,,,,,,,,,,,,,,,,,,,,,,,,,,,,,,,,,,,,,,,,,,,,,,,,,,,,,,,,,,,,,,,,,,,,,,,,,,,,,,,,,,,,,,,,,,,,,,,,,,,,,,,,,,,,,,,,,,,,,,,,,
,,,,,,,,,,,,,,,,,,,,,,,,,,,,,,,,,,,,,,,,,,,,,,,,,,,,,,,,,,,,,,,,,,,,,,,,,,,,,,,,,,,,,,,,,,,,,,,,,,,,,,,,,,,,,,,,,,,,,,,,,,
,,,,,,,,,,,,,,,,,,,,,,,,,,,,,,,,,,,,,,,,,,,,,,,,,,,,,,,,,,,,,,,,,,,,,,,,,,,,,,,,,,,,,,,,,,,,,,,,,,,,,,,,,,,,,,,,,,,,,,,,,,
,,,,,,,,,,,,,,,,,,,,,,,,,,,,,,,,,,,,,,,,,,,,,,,,,,,,,,,,,,,,,,,,,,,,,,,,,,,,,,,,,,,,,,,,,,,,,,,,,,,,,,,,,,,,,,,,,,,,,,,,,,
,,,,,,,,,,,,,,,,,,,,,,,,,,,,,,,,,,,,,,,,,,,,,,,,,,,,,,,,,,,,,,,,,,,,,,,,,,,,,,,,,,,,,,,,,,,,,,,,,,,,,,,,,,,,,,,,,,,,,,,,,,
,,,,,,,,,,,,,,,,,,,,,,,,,,,,,,,,,,,,,,,,,,,,,,,,,,,,,,,,,,,,,,,,,,,,,,,,,,,,,,,,,,,,,,,,,,,,,,,,,,,,,,,,,,,,,,,,,,,,,,,,,,
,,,,,,,,,,,,,,,,,,,,,,,,,,,,,,,,,,,,,,,,,,,,,,,,,,,,,,,,,,,,,,,,,,,,,,,,,,,,,,,,,,,,,,,,,,,,,,,,,,,,,,,,,,,,,,,,,,,,,,,,,,
,,,,,,,,,,,,,,,,,,,,,,,,,,,,,,,,,,,,,,,,,,,,,,,,,,,,,,,,,,,,,,,,,,,,,,,,,,,,,,,,,,,,,,,,,,,,,,,,,,,,,,,,,,,,,,,,,,,,,,,,,,
,,,,,,,,,,,,,,,,,,,,,,,,,,,,,,,,,,,,,,,,,,,,,,,,,,,,,,,,,,,,,,,,,,,,,,,,,,,,,,,,,,,,,,,,,,,,,,,,,,,,,,,,,,,,,,,,,,,,,,,,,,
,,,,,,,,,,,,,,,,,,,,,,,,,,,,,,,,,,,,,,,,,,,,,,,,,,,,,,,,,,,,,,,,,,,,,,,,,,,,,,,,,,,,,,,,,,,,,,,,,,,,,,,,,,,,,,,,,,,,,,,,,,
,,,,,,,,,,,,,,,,,,,,,,,,,,,,,,,,,,,,,,,,,,,,,,,,,,,,,,,,,,,,,,,,,,,,,,,,,,,,,,,,,,,,,,,,,,,,,,,,,,,,,,,,,,,,,,,,,,,,,,,,,,
,,,,,,,,,,,,,,,,,,,,,,,,,,,,,,,,,,,,,,,,,,,,,,,,,,,,,,,,,,,,,,,,,,,,,,,,,,,,,,,,,,,,,,,,,,,,,,,,,,,,,,,,,,,,,,,,,,,,,,,,,,
,,,,,,,,,,,,,,,,,,,,,,,,,,,,,,,,,,,,,,,,,,,,,,,,,,,,,,,,,,,,,,,,,,,,,,,,,,,,,,,,,,,,,,,,,,,,,,,,,,,,,,,,,,,,,,,,,,,,,,,,,,
,,,,,,,,,,,,,,,,,,,,,,,,,,,,,,,,,,,,,,,,,,,,,,,,,,,,,,,,,,,,,,,,,,,,,,,,,,,,,,,,,,,,,,,,,,,,,,,,,,,,,,,,,,,,,,,,,,,,,,,,,,
,,,,,,,,,,,,,,,,,,,,,,,,,,,,,,,,,,,,,,,,,,,,,,,,,,,,,,,,,,,,,,,,,,,,,,,,,,,,,,,,,,,,,,,,,,,,,,,,,,,,,,,,,,,,,,,,,,,,,,,,,,
,,,,,,,,,,,,,,,,,,,,,,,,,,,,,,,,,,,,,,,,,,,,,,,,,,,,,,,,,,,,,,,,,,,,,,,,,,,,,,,,,,,,,,,,,,,,,,,,,,,,,,,,,,,,,,,,,,,,,,,,,,
,,,,,,,,,,,,,,,,,,,,,,,,,,,,,,,,,,,,,,,,,,,,,,,,,,,,,,,,,,,,,,,,,,,,,,,,,,,,,,,,,,,,,,,,,,,,,,,,,,,,,,,,,,,,,,,,,,,,,,,,,,
,,,,,,,,,,,,,,,,,,,,,,,,,,,,,,,,,,,,,,,,,,,,,,,,,,,,,,,,,,,,,,,,,,,,,,,,,,,,,,,,,,,,,,,,,,,,,,,,,,,,,,,,,,,,,,,,,,,,,,,,,,
,,,,,,,,,,,,,,,,,,,,,,,,,,,,,,,,,,,,,,,,,,,,,,,,,,,,,,,,,,,,,,,,,,,,,,,,,,,,,,,,,,,,,,,,,,,,,,,,,,,,,,,,,,,,,,,,,,,,,,,,,,
,,,,,,,,,,,,,,,,,,,,,,,,,,,,,,,,,,,,,,,,,,,,,,,,,,,,,,,,,,,,,,,,,,,,,,,,,,,,,,,,,,,,,,,,,,,,,,,,,,,,,,,,,,,,,,,,,,,,,,,,,,
,,,,,,,,,,,,,,,,,,,,,,,,,,,,,,,,,,,,,,,,,,,,,,,,,,,,,,,,,,,,,,,,,,,,,,,,,,,,,,,,,,,,,,,,,,,,,,,,,,,,,,,,,,,,,,,,,,,,,,,,,,
,,,,,,,,,,,,,,,,,,,,,,,,,,,,,,,,,,,,,,,,,,,,,,,,,,,,,,,,,,,,,,,,,,,,,,,,,,,,,,,,,,,,,,,,,,,,,,,,,,,,,,,,,,,,,,,,,,,,,,,,,,
,,,,,,,,,,,,,,,,,,,,,,,,,,,,,,,,,,,,,,,,,,,,,,,,,,,,,,,,,,,,,,,,,,,,,,,,,,,,,,,,,,,,,,,,,,,,,,,,,,,,,,,,,,,,,,,,,,,,,,,,,,
,,,,,,,,,,,,,,,,,,,,,,,,,,,,,,,,,,,,,,,,,,,,,,,,,,,,,,,,,,,,,,,,,,,,,,,,,,,,,,,,,,,,,,,,,,,,,,,,,,,,,,,,,,,,,,,,,,,,,,,,,,
,,,,,,,,,,,,,,,,,,,,,,,,,,,,,,,,,,,,,,,,,,,,,,,,,,,,,,,,,,,,,,,,,,,,,,,,,,,,,,,,,,,,,,,,,,,,,,,,,,,,,,,,,,,,,,,,,,,,,,,,,,
,,,,,,,,,,,,,,,,,,,,,,,,,,,,,,,,,,,,,,,,,,,,,,,,,,,,,,,,,,,,,,,,,,,,,,,,,,,,,,,,,,,,,,,,,,,,,,,,,,,,,,,,,,,,,,,,,,,,,,,,,,
,,,,,,,,,,,,,,,,,,,,,,,,,,,,,,,,,,,,,,,,,,,,,,,,,,,,,,,,,,,,,,,,,,,,,,,,,,,,,,,,,,,,,,,,,,,,,,,,,,,,,,,,,,,,,,,,,,,,,,,,,,
,,,,,,,,,,,,,,,,,,,,,,,,,,,,,,,,,,,,,,,,,,,,,,,,,,,,,,,,,,,,,,,,,,,,,,,,,,,,,,,,,,,,,,,,,,,,,,,,,,,,,,,,,,,,,,,,,,,,,,,,,,
,,,,,,,,,,,,,,,,,,,,,,,,,,,,,,,,,,,,,,,,,,,,,,,,,,,,,,,,,,,,,,,,,,,,,,,,,,,,,,,,,,,,,,,,,,,,,,,,,,,,,,,,,,,,,,,,,,,,,,,,,,
,,,,,,,,,,,,,,,,,,,,,,,,,,,,,,,,,,,,,,,,,,,,,,,,,,,,,,,,,,,,,,,,,,,,,,,,,,,,,,,,,,,,,,,,,,,,,,,,,,,,,,,,,,,,,,,,,,,,,,,,,,
,,,,,,,,,,,,,,,,,,,,,,,,,,,,,,,,,,,,,,,,,,,,,,,,,,,,,,,,,,,,,,,,,,,,,,,,,,,,,,,,,,,,,,,,,,,,,,,,,,,,,,,,,,,,,,,,,,,,,,,,,,
,,,,,,,,,,,,,,,,,,,,,,,,,,,,,,,,,,,,,,,,,,,,,,,,,,,,,,,,,,,,,,,,,,,,,,,,,,,,,,,,,,,,,,,,,,,,,,,,,,,,,,,,,,,,,,,,,,,,,,,,,,
,,,,,,,,,,,,,,,,,,,,,,,,,,,,,,,,,,,,,,,,,,,,,,,,,,,,,,,,,,,,,,,,,,,,,,,,,,,,,,,,,,,,,,,,,,,,,,,,,,,,,,,,,,,,,,,,,,,,,,,,,,
,,,,,,,,,,,,,,,,,,,,,,,,,,,,,,,,,,,,,,,,,,,,,,,,,,,,,,,,,,,,,,,,,,,,,,,,,,,,,,,,,,,,,,,,,,,,,,,,,,,,,,,,,,,,,,,,,,,,,,,,,,
,,,,,,,,,,,,,,,,,,,,,,,,,,,,,,,,,,,,,,,,,,,,,,,,,,,,,,,,,,,,,,,,,,,,,,,,,,,,,,,,,,,,,,,,,,,,,,,,,,,,,,,,,,,,,,,,,,,,,,,,,,
,,,,,,,,,,,,,,,,,,,,,,,,,,,,,,,,,,,,,,,,,,,,,,,,,,,,,,,,,,,,,,,,,,,,,,,,,,,,,,,,,,,,,,,,,,,,,,,,,,,,,,,,,,,,,,,,,,,,,,,,,,
,,,,,,,,,,,,,,,,,,,,,,,,,,,,,,,,,,,,,,,,,,,,,,,,,,,,,,,,,,,,,,,,,,,,,,,,,,,,,,,,,,,,,,,,,,,,,,,,,,,,,,,,,,,,,,,,,,,,,,,,,,
,,,,,,,,,,,,,,,,,,,,,,,,,,,,,,,,,,,,,,,,,,,,,,,,,,,,,,,,,,,,,,,,,,,,,,,,,,,,,,,,,,,,,,,,,,,,,,,,,,,,,,,,,,,,,,,,,,,,,,,,,,
,,,,,,,,,,,,,,,,,,,,,,,,,,,,,,,,,,,,,,,,,,,,,,,,,,,,,,,,,,,,,,,,,,,,,,,,,,,,,,,,,,,,,,,,,,,,,,,,,,,,,,,,,,,,,,,,,,,,,,,,,,
,,,,,,,,,,,,,,,,,,,,,,,,,,,,,,,,,,,,,,,,,,,,,,,,,,,,,,,,,,,,,,,,,,,,,,,,,,,,,,,,,,,,,,,,,,,,,,,,,,,,,,,,,,,,,,,,,,,,,,,,,,
,,,,,,,,,,,,,,,,,,,,,,,,,,,,,,,,,,,,,,,,,,,,,,,,,,,,,,,,,,,,,,,,,,,,,,,,,,,,,,,,,,,,,,,,,,,,,,,,,,,,,,,,,,,,,,,,,,,,,,,,,,
,,,,,,,,,,,,,,,,,,,,,,,,,,,,,,,,,,,,,,,,,,,,,,,,,,,,,,,,,,,,,,,,,,,,,,,,,,,,,,,,,,,,,,,,,,,,,,,,,,,,,,,,,,,,,,,,,,,,,,,,,,
,,,,,,,,,,,,,,,,,,,,,,,,,,,,,,,,,,,,,,,,,,,,,,,,,,,,,,,,,,,,,,,,,,,,,,,,,,,,,,,,,,,,,,,,,,,,,,,,,,,,,,,,,,,,,,,,,,,,,,,,,,
,,,,,,,,,,,,,,,,,,,,,,,,,,,,,,,,,,,,,,,,,,,,,,,,,,,,,,,,,,,,,,,,,,,,,,,,,,,,,,,,,,,,,,,,,,,,,,,,,,,,,,,,,,,,,,,,,,,,,,,,,,
,,,,,,,,,,,,,,,,,,,,,,,,,,,,,,,,,,,,,,,,,,,,,,,,,,,,,,,,,,,,,,,,,,,,,,,,,,,,,,,,,,,,,,,,,,,,,,,,,,,,,,,,,,,,,,,,,,,,,,,,,,
,,,,,,,,,,,,,,,,,,,,,,,,,,,,,,,,,,,,,,,,,,,,,,,,,,,,,,,,,,,,,,,,,,,,,,,,,,,,,,,,,,,,,,,,,,,,,,,,,,,,,,,,,,,,,,,,,,,,,,,,,,
,,,,,,,,,,,,,,,,,,,,,,,,,,,,,,,,,,,,,,,,,,,,,,,,,,,,,,,,,,,,,,,,,,,,,,,,,,,,,,,,,,,,,,,,,,,,,,,,,,,,,,,,,,,,,,,,,,,,,,,,,,
,,,,,,,,,,,,,,,,,,,,,,,,,,,,,,,,,,,,,,,,,,,,,,,,,,,,,,,,,,,,,,,,,,,,,,,,,,,,,,,,,,,,,,,,,,,,,,,,,,,,,,,,,,,,,,,,,,,,,,,,,,
,,,,,,,,,,,,,,,,,,,,,,,,,,,,,,,,,,,,,,,,,,,,,,,,,,,,,,,,,,,,,,,,,,,,,,,,,,,,,,,,,,,,,,,,,,,,,,,,,,,,,,,,,,,,,,,,,,,,,,,,,,
,,,,,,,,,,,,,,,,,,,,,,,,,,,,,,,,,,,,,,,,,,,,,,,,,,,,,,,,,,,,,,,,,,,,,,,,,,,,,,,,,,,,,,,,,,,,,,,,,,,,,,,,,,,,,,,,,,,,,,,,,,
,,,,,,,,,,,,,,,,,,,,,,,,,,,,,,,,,,,,,,,,,,,,,,,,,,,,,,,,,,,,,,,,,,,,,,,,,,,,,,,,,,,,,,,,,,,,,,,,,,,,,,,,,,,,,,,,,,,,,,,,,,
,,,,,,,,,,,,,,,,,,,,,,,,,,,,,,,,,,,,,,,,,,,,,,,,,,,,,,,,,,,,,,,,,,,,,,,,,,,,,,,,,,,,,,,,,,,,,,,,,,,,,,,,,,,,,,,,,,,,,,,,,,
,,,,,,,,,,,,,,,,,,,,,,,,,,,,,,,,,,,,,,,,,,,,,,,,,,,,,,,,,,,,,,,,,,,,,,,,,,,,,,,,,,,,,,,,,,,,,,,,,,,,,,,,,,,,,,,,,,,,,,,,,,
,,,,,,,,,,,,,,,,,,,,,,,,,,,,,,,,,,,,,,,,,,,,,,,,,,,,,,,,,,,,,,,,,,,,,,,,,,,,,,,,,,,,,,,,,,,,,,,,,,,,,,,,,,,,,,,,,,,,,,,,,,
,,,,,,,,,,,,,,,,,,,,,,,,,,,,,,,,,,,,,,,,,,,,,,,,,,,,,,,,,,,,,,,,,,,,,,,,,,,,,,,,,,,,,,,,,,,,,,,,,,,,,,,,,,,,,,,,,,,,,,,,,,
,,,,,,,,,,,,,,,,,,,,,,,,,,,,,,,,,,,,,,,,,,,,,,,,,,,,,,,,,,,,,,,,,,,,,,,,,,,,,,,,,,,,,,,,,,,,,,,,,,,,,,,,,,,,,,,,,,,,,,,,,,
,,,,,,,,,,,,,,,,,,,,,,,,,,,,,,,,,,,,,,,,,,,,,,,,,,,,,,,,,,,,,,,,,,,,,,,,,,,,,,,,,,,,,,,,,,,,,,,,,,,,,,,,,,,,,,,,,,,,,,,,,,
,,,,,,,,,,,,,,,,,,,,,,,,,,,,,,,,,,,,,,,,,,,,,,,,,,,,,,,,,,,,,,,,,,,,,,,,,,,,,,,,,,,,,,,,,,,,,,,,,,,,,,,,,,,,,,,,,,,,,,,,,,
,,,,,,,,,,,,,,,,,,,,,,,,,,,,,,,,,,,,,,,,,,,,,,,,,,,,,,,,,,,,,,,,,,,,,,,,,,,,,,,,,,,,,,,,,,,,,,,,,,,,,,,,,,,,,,,,,,,,,,,,,,
,,,,,,,,,,,,,,,,,,,,,,,,,,,,,,,,,,,,,,,,,,,,,,,,,,,,,,,,,,,,,,,,,,,,,,,,,,,,,,,,,,,,,,,,,,,,,,,,,,,,,,,,,,,,,,,,,,,,,,,,,,
,,,,,,,,,,,,,,,,,,,,,,,,,,,,,,,,,,,,,,,,,,,,,,,,,,,,,,,,,,,,,,,,,,,,,,,,,,,,,,,,,,,,,,,,,,,,,,,,,,,,,,,,,,,,,,,,,,,,,,,,,,
,,,,,,,,,,,,,,,,,,,,,,,,,,,,,,,,,,,,,,,,,,,,,,,,,,,,,,,,,,,,,,,,,,,,,,,,,,,,,,,,,,,,,,,,,,,,,,,,,,,,,,,,,,,,,,,,,,,,,,,,,,
,,,,,,,,,,,,,,,,,,,,,,,,,,,,,,,,,,,,,,,,,,,,,,,,,,,,,,,,,,,,,,,,,,,,,,,,,,,,,,,,,,,,,,,,,,,,,,,,,,,,,,,,,,,,,,,,,,,,,,,,,,
,,,,,,,,,,,,,,,,,,,,,,,,,,,,,,,,,,,,,,,,,,,,,,,,,,,,,,,,,,,,,,,,,,,,,,,,,,,,,,,,,,,,,,,,,,,,,,,,,,,,,,,,,,,,,,,,,,,,,,,,,,
,,,,,,,,,,,,,,,,,,,,,,,,,,,,,,,,,,,,,,,,,,,,,,,,,,,,,,,,,,,,,,,,,,,,,,,,,,,,,,,,,,,,,,,,,,,,,,,,,,,,,,,,,,,,,,,,,,,,,,,,,,
,,,,,,,,,,,,,,,,,,,,,,,,,,,,,,,,,,,,,,,,,,,,,,,,,,,,,,,,,,,,,,,,,,,,,,,,,,,,,,,,,,,,,,,,,,,,,,,,,,,,,,,,,,,,,,,,,,,,,,,,,,
,,,,,,,,,,,,,,,,,,,,,,,,,,,,,,,,,,,,,,,,,,,,,,,,,,,,,,,,,,,,,,,,,,,,,,,,,,,,,,,,,,,,,,,,,,,,,,,,,,,,,,,,,,,,,,,,,,,,,,,,,,
,,,,,,,,,,,,,,,,,,,,,,,,,,,,,,,,,,,,,,,,,,,,,,,,,,,,,,,,,,,,,,,,,,,,,,,,,,,,,,,,,,,,,,,,,,,,,,,,,,,,,,,,,,,,,,,,,,,,,,,,,,
,,,,,,,,,,,,,,,,,,,,,,,,,,,,,,,,,,,,,,,,,,,,,,,,,,,,,,,,,,,,,,,,,,,,,,,,,,,,,,,,,,,,,,,,,,,,,,,,,,,,,,,,,,,,,,,,,,,,,,,,,,
,,,,,,,,,,,,,,,,,,,,,,,,,,,,,,,,,,,,,,,,,,,,,,,,,,,,,,,,,,,,,,,,,,,,,,,,,,,,,,,,,,,,,,,,,,,,,,,,,,,,,,,,,,,,,,,,,,,,,,,,,,
,,,,,,,,,,,,,,,,,,,,,,,,,,,,,,,,,,,,,,,,,,,,,,,,,,,,,,,,,,,,,,,,,,,,,,,,,,,,,,,,,,,,,,,,,,,,,,,,,,,,,,,,,,,,,,,,,,,,,,,,,,
,,,,,,,,,,,,,,,,,,,,,,,,,,,,,,,,,,,,,,,,,,,,,,,,,,,,,,,,,,,,,,,,,,,,,,,,,,,,,,,,,,,,,,,,,,,,,,,,,,,,,,,,,,,,,,,,,,,,,,,,,,
,,,,,,,,,,,,,,,,,,,,,,,,,,,,,,,,,,,,,,,,,,,,,,,,,,,,,,,,,,,,,,,,,,,,,,,,,,,,,,,,,,,,,,,,,,,,,,,,,,,,,,,,,,,,,,,,,,,,,,,,,,
,,,,,,,,,,,,,,,,,,,,,,,,,,,,,,,,,,,,,,,,,,,,,,,,,,,,,,,,,,,,,,,,,,,,,,,,,,,,,,,,,,,,,,,,,,,,,,,,,,,,,,,,,,,,,,,,,,,,,,,,,,
,,,,,,,,,,,,,,,,,,,,,,,,,,,,,,,,,,,,,,,,,,,,,,,,,,,,,,,,,,,,,,,,,,,,,,,,,,,,,,,,,,,,,,,,,,,,,,,,,,,,,,,,,,,,,,,,,,,,,,,,,,